New UPIN,Month,Year,,,,,,
141122,4,2019,,,,,,
140483,4,2019,,,,,,
141513,4,2019,,,,,,
151763,4,2019,,,,,,
141515,4,2019,,,,,,
151762,4,2019,,,,,,
141168,4,2019,,,,,,
141516,4,2019,,,,,,
151760,4,2019,,,,,,
141120,4,2019,,,,,,
151759,4,2019,,,,,,
140494,4,2019,,,,,,
151679,4,2019,,,,,,
151791,4,2019,,,,,,
151772,4,2019,,,,,,
141518,4,2019,,,,,,
140497,4,2019,,,,,,
140498,4,2019,,,,,,`
141592,4,2019,,,,,,
141172,4,2019,,,,,,
141186,4,2019,,,,,,
139912,4,2019,,,,,,
139247,4,2019,,,,,,
141185,4,2019,,,,,,
151724,4,2019,,,,,,
151768,4,2019,,,,,,
151767,4,2019,,,,,,
151766,4,2019,,,,,,
141432,4,2019,,,,,,
141431,4,2019,,,,,,
151765,4,2019,,,,,,
124553,4,2019,,,,,,
140506,4,2019,,,,,,
138146,4,2019,,,,,,
141596,4,2019,,,,,,
151764,4,2019,,,,,,
141521,4,2019,,,,,,
141524,4,2019,,,,,,
151687,4,2019,,,,,,
151794,4,2019,,,,,,
141599,4,2019,,,,,,
141600,4,2019,,,,,,
140517,4,2019,,,,,,
141213,4,2019,,,,,,
141212,4,2019,,,,,,
141226,4,2019,,,,,,
140738,4,2019,,,,,,
151689,4,2019,,,,,,
151732,4,2019,,,,,,
139314,4,2019,,,,,,
151691,4,2019,,,,,,
141111,4,2019,,,,,,
151692,4,2019,,,,,,
141246,4,2019,,,,,,
151693,4,2019,,,,,,
151723,4,2019,,,,,,
151862,4,2019,,,,,,
141131,4,2019,,,,,,
140544,4,2019,,,,,,
141534,4,2019,,,,,,
141603,4,2019,,,,,,
124174,4,2019,,,,,,
141604,4,2019,,,,,,
141243,4,2019,,,,,,
139330,4,2019,,,,,,
141639,4,2019,,,,,,
123815,4,2019,,,,,,
141238,4,2019,,,,,,
151722,4,2019,,,,,,
141536,4,2019,,,,,,
141344,4,2019,,,,,,
151804,4,2019,,,,,,
139353,4,2019,,,,,,
141539,4,2019,,,,,,
133969,4,2019,,,,,,
141366,4,2019,,,,,,
151812,4,2019,,,,,,
151785,4,2019,,,,,,
141541,4,2019,,,,,,
151863,4,2019,,,,,,
141270,4,2019,,,,,,
151817,4,2019,,,,,,
151786,4,2019,,,,,,
140656,4,2019,,,,,,
151820,4,2019,,,,,,
151826,4,2019,,,,,,
141265,4,2019,,,,,,
151827,4,2019,,,,,,
141281,4,2019,,,,,,
151865,4,2019,,,,,,
140595,4,2019,,,,,,
141545,4,2019,,,,,,
141547,4,2019,,,,,,
141047,4,2019,,,,,,
141549,4,2019,,,,,,
151718,4,2019,,,,,,
151711,4,2019,,,,,,
151831,4,2019,,,,,,
141059,4,2019,,,,,,
141058,4,2019,,,,,,
141056,4,2019,,,,,,
151836,4,2019,,,,,,
151837,4,2019,,,,,,
141357,4,2019,,,,,,
151838,4,2019,,,,,,
141553,4,2019,,,,,,
151841,4,2019,,,,,,
151842,4,2019,,,,,,
151709,4,2019,,,,,,
141096,4,2019,,,,,,
134280,4,2019,,,,,,
141091,4,2019,,,,,,
141090,4,2019,,,,,,
151843,4,2019,,,,,,
141622,4,2019,,,,,,
133959,4,2019,,,,,,
141625,4,2019,,,,,,
151707,4,2019,,,,,,
151706,4,2019,,,,,,
151848,4,2019,,,,,,
151849,4,2019,,,,,,
151850,4,2019,,,,,,
140664,4,2019,,,,,,
140923,4,2019,,,,,,
141562,4,2019,,,,,,
141106,4,2019,,,,,,
151715,4,2019,,,,,,
141462,4,2019,,,,,,
140725,4,2019,,,,,,
151857,4,2019,,,,,,
151774,4,2019,,,,,,
139504,4,2019,,,,,,
151858,4,2019,,,,,,
141436,5,2019,,,,,,
141122,5,2019,,,,,,
141168,5,2019,,,,,,
151730,5,2019,,,,,,
141518,5,2019,,,,,,
140496,5,2019,,,,,,
141434,5,2019,,,,,,
141182,5,2019,,,,,,
151686,5,2019,,,,,,
151767,5,2019,,,,,,
151766,5,2019,,,,,,
151792,5,2019,,,,,,
151793,5,2019,,,,,,
151794,5,2019,,,,,,
140517,5,2019,,,,,,
141423,5,2019,,,,,,
140738,5,2019,,,,,,
141418,5,2019,,,,,,
141111,5,2019,,,,,,
151799,5,2019,,,,,,
151862,5,2019,,,,,,
141131,5,2019,,,,,,
140544,5,2019,,,,,,
141341,5,2019,,,,,,
140920,5,2019,,,,,,
151810,5,2019,,,,,,
151721,5,2019,,,,,,
140890,5,2019,,,,,,
141448,5,2019,,,,,,
151864,5,2019,,,,,,
140894,5,2019,,,,,,
141613,5,2019,,,,,,
141281,5,2019,,,,,,
151784,5,2019,,,,,,
141548,5,2019,,,,,,
141059,5,2019,,,,,,
151835,5,2019,,,,,,
141058,5,2019,,,,,,
141056,5,2019,,,,,,
141441,5,2019,,,,,,
134280,5,2019,,,,,,
141090,5,2019,,,,,,
141625,5,2019,,,,,,
151851,5,2019,,,,,,
140923,5,2019,,,,,,
141465,5,2019,,,,,,
151914,5,2019,,,,,,
141629,5,2019,,,,,,
140596,5,2019,,,,,,
141122,6,2019,,,,,,
151964,6,2019,,,,,,
151876,6,2019,,,,,,
151730,6,2019,,,,,,
141517,6,2019,,,,,,
139229,6,2019,,,,,,
151791,6,2019,,,,,,
141177,6,2019,,,,,,
151771,6,2019,,,,,,
141519,6,2019,,,,,,
139912,6,2019,,,,,,
151879,6,2019,,,,,,
141433,6,2019,,,,,,
141631,6,2019,,,,,,
141190,6,2019,,,,,,
141114,6,2019,,,,,,
141202,6,2019,,,,,,
140505,6,2019,,,,,,
140700,6,2019,,,,,,
134426,6,2019,,,,,,
151887,6,2019,,,,,,
151776,6,2019,,,,,,
140512,6,2019,,,,,,
139276,6,2019,,,,,,
134219,6,2019,,,,,,
151793,6,2019,,,,,,
141217,6,2019,,,,,,
141526,6,2019,,,,,,
151889,6,2019,,,,,,
151775,6,2019,,,,,,
141422,6,2019,,,,,,
138427,6,2019,,,,,,
151797,6,2019,,,,,,
141418,6,2019,,,,,,
141237,6,2019,,,,,,
141460,6,2019,,,,,,
141459,6,2019,,,,,,
151779,6,2019,,,,,,
139539,6,2019,,,,,,
141458,6,2019,,,,,,
140709,6,2019,,,,,,
140710,6,2019,,,,,,
141025,6,2019,,,,,,
140561,6,2019,,,,,,
151960,6,2019,,,,,,
141343,6,2019,,,,,,
151696,6,2019,,,,,,
151916,6,2019,,,,,,
151697,6,2019,,,,,,
141644,6,2019,,,,,,
151806,6,2019,,,,,,
151698,6,2019,,,,,,
139377,6,2019,,,,,,
151893,6,2019,,,,,,
151894,6,2019,,,,,,
141257,6,2019,,,,,,
151959,6,2019,,,,,,
141273,6,2019,,,,,,
141272,6,2019,,,,,,
151895,6,2019,,,,,,
151773,6,2019,,,,,,
139389,6,2019,,,,,,
151818,6,2019,,,,,,
151819,6,2019,,,,,,
151823,6,2019,,,,,,
141266,6,2019,,,,,,
151783,6,2019,,,,,,
151826,6,2019,,,,,,
141281,6,2019,,,,,,
141336,6,2019,,,,,,
140597,6,2019,,,,,,
140900,6,2019,,,,,,
141548,6,2019,,,,,,
151978,6,2019,,,,,,
141650,6,2019,,,,,,
141651,6,2019,,,,,,
151902,6,2019,,,,,,
151974,6,2019,,,,,,
151903,6,2019,,,,,,
141635,6,2019,,,,,,
139561,6,2019,,,,,,
151975,6,2019,,,,,,
140010,6,2019,,,,,,
139562,6,2019,,,,,,
151966,6,2019,,,,,,
141615,6,2019,,,,,,
151906,6,2019,,,,,,
140837,6,2019,,,,,,
151907,6,2019,,,,,,
139427,6,2019,,,,,,
141444,6,2019,,,,,,
151710,6,2019,,,,,,
151837,6,2019,,,,,,
141357,6,2019,,,,,,
141074,6,2019,,,,,,
138836,6,2019,,,,,,
151909,6,2019,,,,,,
124149,6,2019,,,,,,
151920,6,2019,,,,,,
151921,6,2019,,,,,,
141083,6,2019,,,,,,
141645,6,2019,,,,,,
141094,6,2019,,,,,,
134626,6,2019,,,,,,
151778,6,2019,,,,,,
151868,6,2019,,,,,,
141100,6,2019,,,,,,
141110,6,2019,,,,,,
141647,6,2019,,,,,,
141625,6,2019,,,,,,
120761,6,2019,,,,,,
141109,6,2019,,,,,,
141466,6,2019,,,,,,
141108,6,2019,,,,,,
151857,6,2019,,,,,,
151914,6,2019,,,,,,
141629,6,2019,,,,,,
#N/A,7,2019,,,,,,
141164,7,2019,,,,,,
151791,7,2019,,,,,,
151771,7,2019,,,,,,
141519,7,2019,,,,,,
140500,7,2019,,,,,,
151962,7,2019,,,,,,
151879,7,2019,,,,,,
141433,7,2019,,,,,,
141631,7,2019,,,,,,
151770,7,2019,,,,,,
151767,7,2019,,,,,,
151883,7,2019,,,,,,
139261,7,2019,,,,,,
151991,7,2019,,,,,,
140505,7,2019,,,,,,
134426,7,2019,,,,,,
151992,7,2019,,,,,,
151776,7,2019,,,,,,
140512,7,2019,,,,,,
139276,7,2019,,,,,,
151961,7,2019,,,,,,
141526,7,2019,,,,,,
151789,7,2019,,,,,,
#N/A,7,2019,,,,,,
140529,7,2019,,,,,,
152008,7,2019,,,,,,
138427,7,2019,,,,,,
151797,7,2019,,,,,,
140536,7,2019,,,,,,
141418,7,2019,,,,,,
151983,7,2019,,,,,,
141111,7,2019,,,,,,
141237,7,2019,,,,,,
141460,7,2019,,,,,,
139539,7,2019,,,,,,
141458,7,2019,,,,,,
151695,7,2019,,,,,,
141535,7,2019,,,,,,
141025,7,2019,,,,,,
140561,7,2019,,,,,,
141343,7,2019,,,,,,
151892,7,2019,,,,,,
140920,7,2019,,,,,,
141644,7,2019,,,,,,
151698,7,2019,,,,,,
141567,7,2019,,,,,,
141338,7,2019,,,,,,
139377,7,2019,,,,,,
151893,7,2019,,,,,,
151894,7,2019,,,,,,
151917,7,2019,,,,,,
141273,7,2019,,,,,,
141272,7,2019,,,,,,
151895,7,2019,,,,,,
139389,7,2019,,,,,,
151818,7,2019,,,,,,
151986,7,2019,,,,,,
141613,7,2019,,,,,,
151823,7,2019,,,,,,
141266,7,2019,,,,,,
141281,7,2019,,,,,,
151958,7,2019,,,,,,
140597,7,2019,,,,,,
140900,7,2019,,,,,,
134590,7,2019,,,,,,
151957,7,2019,,,,,,
151978,7,2019,,,,,,
151977,7,2019,,,,,,
151901,7,2019,,,,,,
151903,7,2019,,,,,,
151904,7,2019,,,,,,
151976,7,2019,,,,,,
140010,7,2019,,,,,,
139562,7,2019,,,,,,
151906,7,2019,,,,,,
152025,7,2019,,,,,,
140837,7,2019,,,,,,
151967,7,2019,,,,,,
151907,7,2019,,,,,,
139427,7,2019,,,,,,
152024,7,2019,,,,,,
151968,7,2019,,,,,,
152023,7,2019,,,,,,
151970,7,2019,,,,,,
141074,7,2019,,,,,,
151909,7,2019,,,,,,
124149,7,2019,,,,,,
151920,7,2019,,,,,,
141094,7,2019,,,,,,
141142,7,2019,,,,,,
151845,7,2019,,,,,,
141364,7,2019,,,,,,
151868,7,2019,,,,,,
141100,7,2019,,,,,,
141110,7,2019,,,,,,
141637,7,2019,,,,,,
141466,7,2019,,,,,,
151852,7,2019,,,,,,
138396,7,2019,,,,,,
151715,7,2019,,,,,,
151973,7,2019,,,,,,
139229,8,2019,,,,,,
139936,8,2019,,,,,,
151771,8,2019,,,,,,
141631,8,2019,,,,,,
141191,8,2019,,,,,,
151881,8,2019,,,,,,
140505,8,2019,,,,,,
134426,8,2019,,,,,,
151776,8,2019,,,,,,
140793,8,2019,,,,,,
152006,8,2019,,,,,,
152007,8,2019,,,,,,
151797,8,2019,,,,,,
141111,8,2019,,,,,,
141237,8,2019,,,,,,
152011,8,2019,,,,,,
141230,8,2019,,,,,,
151984,8,2019,,,,,,
152019,8,2019,,,,,,
141343,8,2019,,,,,,
140920,8,2019,,,,,,
141567,8,2019,,,,,,
141338,8,2019,,,,,,
138443,8,2019,,,,,,
151818,8,2019,,,,,,
140589,8,2019,,,,,,
141613,8,2019,,,,,,
141266,8,2019,,,,,,
141281,8,2019,,,,,,
152018,8,2019,,,,,,
140900,8,2019,,,,,,
151734,8,2019,,,,,,
151957,8,2019,,,,,,
140902,8,2019,,,,,,
151977,8,2019,,,,,,
152017,8,2019,,,,,,
151904,8,2019,,,,,,
152016,8,2019,,,,,,
151976,8,2019,,,,,,
139562,8,2019,,,,,,
140837,8,2019,,,,,,
131654,8,2019,,,,,,
152021,8,2019,,,,,,
151920,8,2019,,,,,,
152015,8,2019,,,,,,
139447,8,2019,,,,,,
140905,8,2019,,,,,,
141094,8,2019,,,,,,
152012,8,2019,,,,,,
120761,8,2019,,,,,,
151911,8,2019,,,,,,
151715,8,2019,,,,,,
141637,8,2019,,,,,,
151875,9,2019,,,,,,
152135,9,2019,,,,,,
151987,9,2019,,,,,,
151988,9,2019,,,,,,
152136,9,2019,,,,,,
141435,9,2019,,,,,,
152137,9,2019,,,,,,
152138,9,2019,,,,,,
152140,9,2019,,,,,,
152141,9,2019,,,,,,
162256,9,2019,,,,,,
151877,9,2019,,,,,,
151726,9,2019,,,,,,
151678,9,2019,,,,,,
152143,9,2019,,,,,,
151878,9,2019,,,,,,
151791,9,2019,,,,,,
152145,9,2019,,,,,,
152146,9,2019,,,,,,
162145,9,2019,,,,,,
151963,9,2019,,,,,,
162146,9,2019,,,,,,
139912,9,2019,,,,,,
162281,9,2019,,,,,,
162148,9,2019,,,,,,
141433,9,2019,,,,,,
141193,9,2019,,,,,,
151790,9,2019,,,,,,
151880,9,2019,,,,,,
162149,9,2019,,,,,,
162151,9,2019,,,,,,
151884,9,2019,,,,,,
141187,9,2019,,,,,,
162153,9,2019,,,,,,
162155,9,2019,,,,,,
162156,9,2019,,,,,,
151965,9,2019,,,,,,
162157,9,2019,,,,,,
162158,9,2019,,,,,,
151886,9,2019,,,,,,
162160,9,2019,,,,,,
140512,9,2019,,,,,,
162161,9,2019,,,,,,
138239,9,2019,,,,,,
162317,9,2019,,,,,,
151888,9,2019,,,,,,
162164,9,2019,,,,,,
141219,9,2019,,,,,,
141526,9,2019,,,,,,
139291,9,2019,,,,,,
162165,9,2019,,,,,,
141425,9,2019,,,,,,
162166,9,2019,,,,,,
162167,9,2019,,,,,,
162169,9,2019,,,,,,
151890,9,2019,,,,,,
162170,9,2019,,,,,,
140533,9,2019,,,,,,
134240,9,2019,,,,,,
151798,9,2019,,,,,,
162172,9,2019,,,,,,
162173,9,2019,,,,,,
140541,9,2019,,,,,,
151801,9,2019,,,,,,
152020,9,2019,,,,,,
151891,9,2019,,,,,,
120850,9,2019,,,,,,
141535,9,2019,,,,,,
162176,9,2019,,,,,,
140820,9,2019,,,,,,
141025,9,2019,,,,,,
140561,9,2019,,,,,,
130303,9,2019,,,,,,
151696,9,2019,,,,,,
140563,9,2019,,,,,,
162179,9,2019,,,,,,
141644,9,2019,,,,,,
151808,9,2019,,,,,,
151698,9,2019,,,,,,
151809,9,2019,,,,,,
162181,9,2019,,,,,,
141540,9,2019,,,,,,
151919,9,2019,,,,,,
151811,9,2019,,,,,,
151728,9,2019,,,,,,
141366,9,2019,,,,,,
162182,9,2019,,,,,,
162183,9,2019,,,,,,
134250,9,2019,,,,,,
138320,9,2019,,,,,,
162185,9,2019,,,,,,
141273,9,2019,,,,,,
141272,9,2019,,,,,,
151814,9,2019,,,,,,
162187,9,2019,,,,,,
151815,9,2019,,,,,,
151816,9,2019,,,,,,
162188,9,2019,,,,,,
139903,9,2019,,,,,,
139389,9,2019,,,,,,
151993,9,2019,,,,,,
162190,9,2019,,,,,,
162191,9,2019,,,,,,
151821,9,2019,,,,,,
151822,9,2019,,,,,,
162194,9,2019,,,,,,
162195,9,2019,,,,,,
162196,9,2019,,,,,,
139619,9,2019,,,,,,
162197,9,2019,,,,,,
162198,9,2019,,,,,,
151829,9,2019,,,,,,
140597,9,2019,,,,,,
162199,9,2019,,,,,,
162200,9,2019,,,,,,
151899,9,2019,,,,,,
134188,9,2019,,,,,,
151900,9,2019,,,,,,
162202,9,2019,,,,,,
151830,9,2019,,,,,,
162203,9,2019,,,,,,
151901,9,2019,,,,,,
162204,9,2019,,,,,,
162205,9,2019,,,,,,
162206,9,2019,,,,,,
162207,9,2019,,,,,,
141635,9,2019,,,,,,
151833,9,2019,,,,,,
139561,9,2019,,,,,,
162208,9,2019,,,,,,
162210,9,2019,,,,,,
151905,9,2019,,,,,,
140010,9,2019,,,,,,
162211,9,2019,,,,,,
141615,9,2019,,,,,,
162217,9,2019,,,,,,
162218,9,2019,,,,,,
162219,9,2019,,,,,,
162220,9,2019,,,,,,
131650,9,2019,,,,,,
162221,9,2019,,,,,,
139427,9,2019,,,,,,
141444,9,2019,,,,,,
162222,9,2019,,,,,,
141357,9,2019,,,,,,
138836,9,2019,,,,,,
151910,9,2019,,,,,,
162223,9,2019,,,,,,
162224,9,2019,,,,,,
162225,9,2019,,,,,,
162226,9,2019,,,,,,
162227,9,2019,,,,,,
141066,9,2019,,,,,,
151866,9,2019,,,,,,
162228,9,2019,,,,,,
162229,9,2019,,,,,,
162230,9,2019,,,,,,
162231,9,2019,,,,,,
162232,9,2019,,,,,,
162233,9,2019,,,,,,
162234,9,2019,,,,,,
151867,9,2019,,,,,,
151918,9,2019,,,,,,
162235,9,2019,,,,,,
162236,9,2019,,,,,,
141621,9,2019,,,,,,
141636,9,2019,,,,,,
162237,9,2019,,,,,,
141646,9,2019,,,,,,
162238,9,2019,,,,,,
162239,9,2019,,,,,,
133091,9,2019,,,,,,
162240,9,2019,,,,,,
162241,9,2019,,,,,,
162242,9,2019,,,,,,
162243,9,2019,,,,,,
162244,9,2019,,,,,,
151782,9,2019,,,,,,
162245,9,2019,,,,,,
162246,9,2019,,,,,,
141364,9,2019,,,,,,
141100,9,2019,,,,,,
141110,9,2019,,,,,,
141625,9,2019,,,,,,
162248,9,2019,,,,,,
141637,9,2019,,,,,,
151912,9,2019,,,,,,
151854,9,2019,,,,,,
138950,9,2019,,,,,,
162250,9,2019,,,,,,
151856,9,2019,,,,,,
151913,9,2019,,,,,,
162252,9,2019,,,,,,
162254,9,2019,,,,,,
120979,9,2019,,,,,,
151859,9,2019,,,,,,
141629,9,2019,,,,,,
141648,9,2019,,,,,,
162255,9,2019,,,,,,
134426,9,2019,,,,,,
162313,9,2019,,,,,,
151976,9,2019,,,,,,
152007,9,2019,,,,,,
151984,9,2019,,,,,,
140505,9,2019,,,,,,
141237,9,2019,,,,,,
123521,9,2019,,,,,,
114146,9,2019,,,,,,
151818,9,2019,,,,,,
139562,9,2019,,,,,,
151920,9,2019,,,,,,
127399,9,2019,,,,,,
151771,9,2019,,,,,,
151776,9,2019,,,,,,
162288,9,2019,,,,,,
162345,10,2019,,,,,,
152136,10,2019,,,,,,
152140,10,2019,,,,,,
162277,10,2019,,,,,,
152002,10,2019,,,,,,
162320,10,2019,,,,,,
151771,10,2019,,,,,,
141519,10,2019,,,,,,
151963,10,2019,,,,,,
162316,10,2019,,,,,,
139912,10,2019,,,,,,
162148,10,2019,,,,,,
151989,10,2019,,,,,,
151860,10,2019,,,,,,
162149,10,2019,,,,,,
151882,10,2019,,,,,,
151884,10,2019,,,,,,
140505,10,2019,,,,,,
162157,10,2019,,,,,,
162284,10,2019,,,,,,
134426,10,2019,,,,,,
151776,10,2019,,,,,,
140512,10,2019,,,,,,
162317,10,2019,,,,,,
162164,10,2019,,,,,,
162286,10,2019,,,,,,
162165,10,2019,,,,,,
141425,10,2019,,,,,,
151795,10,2019,,,,,,
162170,10,2019,,,,,,
151797,10,2019,,,,,,
152011,10,2019,,,,,,
162292,10,2019,,,,,,
162172,10,2019,,,,,,
162293,10,2019,,,,,,
162311,10,2019,,,,,,
151803,10,2019,,,,,,
141025,10,2019,,,,,,
140561,10,2019,,,,,,
151696,10,2019,,,,,,
162179,10,2019,,,,,,
151805,10,2019,,,,,,
151698,10,2019,,,,,,
162295,10,2019,,,,,,
151813,10,2019,,,,,,
162359,10,2019,,,,,,
162298,10,2019,,,,,,
151979,10,2019,,,,,,
162300,10,2019,,,,,,
162301,10,2019,,,,,,
122072,10,2019,,,,,,
140597,10,2019,,,,,,
140900,10,2019,,,,,,
151734,10,2019,,,,,,
140813,10,2019,,,,,,
151957,10,2019,,,,,,
162204,10,2019,,,,,,
131650,10,2019,,,,,,
162221,10,2019,,,,,,
141444,10,2019,,,,,,
151837,10,2019,,,,,,
141357,10,2019,,,,,,
162223,10,2019,,,,,,
162224,10,2019,,,,,,
162225,10,2019,,,,,,
151920,10,2019,,,,,,
162231,10,2019,,,,,,
151972,10,2019,,,,,,
162306,10,2019,,,,,,
162239,10,2019,,,,,,
162318,10,2019,,,,,,
162241,10,2019,,,,,,
152012,10,2019,,,,,,
141364,10,2019,,,,,,
141637,10,2019,,,,,,
151855,10,2019,,,,,,
162251,10,2019,,,,,,
152136,11,2019,,,,,,
141435,11,2019,,,,,,
151726,11,2019,,,,,,
152002,11,2019,,,,,,
151777,11,2019,,,,,,
162316,11,2019,,,,,,
162148,11,2019,,,,,,
162349,11,2019,,,,,,
151995,11,2019,,,,,,
138239,11,2019,,,,,,
162286,11,2019,,,,,,
162355,11,2019,,,,,,
152010,11,2019,,,,,,
162291,11,2019,,,,,,
162171,11,2019,,,,,,
141533,11,2019,,,,,,
140541,11,2019,,,,,,
138725,11,2019,,,,,,
162358,11,2019,,,,,,
151916,11,2019,,,,,,
162179,11,2019,,,,,,
162180,11,2019,,,,,,
162294,11,2019,,,,,,
162184,11,2019,,,,,,
162297,11,2019,,,,,,
162298,11,2019,,,,,,
162361,11,2019,,,,,,
162362,11,2019,,,,,,
140900,11,2019,,,,,,
151734,11,2019,,,,,,
162209,11,2019,,,,,,
162365,11,2019,,,,,,
162366,11,2019,,,,,,
162369,11,2019,,,,,,
162370,11,2019,,,,,,
131650,11,2019,,,,,,
162221,11,2019,,,,,,
162372,11,2019,,,,,,
151837,11,2019,,,,,,
162373,11,2019,,,,,,
162223,11,2019,,,,,,
162226,11,2019,,,,,,
162307,11,2019,,,,,,
141636,11,2019,,,,,,
162318,11,2019,,,,,,
162241,11,2019,,,,,,
151782,11,2019,,,,,,
162245,11,2019,,,,,,
162247,11,2019,,,,,,
141637,11,2019,,,,,,
162374,11,2019,,,,,,
151855,11,2019,,,,,,
120979,11,2019,,,,,,
152136,12,2019,,,,,,
162416,12,2019,,,,,,
151726,12,2019,,,,,,
162472,12,2019,,,,,,
162347,12,2019,,,,,,
162281,12,2019,,,,,,
162148,12,2019,,,,,,
509901,12,2019,,,,,,
141631,12,2019,,,,,,
162149,12,2019,,,,,,
151882,12,2019,,,,,,
162419,12,2019,,,,,,
162283,12,2019,,,,,,
162285,12,2019,,,,,,
503825,12,2019,,,,,,
152004,12,2019,,,,,,
162286,12,2019,,,,,,
141219,12,2019,,,,,,
152008,12,2019,,,,,,
152009,12,2019,,,,,,
162174,12,2019,,,,,,
141535,12,2019,,,,,,
139341,12,2019,,,,,,
162426,12,2019,,,,,,
162179,12,2019,,,,,,
509894,12,2019,,,,,,
151813,12,2019,,,,,,
162433,12,2019,,,,,,
162298,12,2019,,,,,,
141613,12,2019,,,,,,
141635,12,2019,,,,,,
162314,12,2019,,,,,,
162366,12,2019,,,,,,
162367,12,2019,,,,,,
131650,12,2019,,,,,,
162221,12,2019,,,,,,
162223,12,2019,,,,,,
152014,12,2019,,,,,,
162319,12,2019,,,,,,
162241,12,2019,,,,,,
151782,12,2019,,,,,,
151847,12,2019,,,,,,
152013,12,2019,,,,,,
151855,12,2019,,,,,,
162251,12,2019,,,,,,
162253,12,2019,,,,,,
162375,12,2019,,,,,,
162471,1,2020,,,,,,
132064,1,2020,,,,,,
151725,1,2020,,,,,,
152009,1,2020,,,,,,
132790,1,2020,,,,,,
162360,1,2020,,,,,,
151993,1,2020,,,,,,
162486,1,2020,,,,,,
141444,1,2020,,,,,,
151908,1,2020,,,,,,
162309,1,2020,,,,,,
152012,1,2020,,,,,,
162448,1,2020,,,,,,
152013,1,2020,,,,,,
151782,1,2020,,,,,,
141435,2,2020,,,,,,
162492,2,2020,,,,,,
151678,2,2020,,,,,,
152142,2,2020,,,,,,
151878,2,2020,,,,,,
162346,2,2020,,,,,,
162279,2,2020,,,,,,
151725,2,2020,,,,,,
162149,2,2020,,,,,,
162154,2,2020,,,,,,
162420,2,2020,,,,,,
162159,2,2020,,,,,,
162476,2,2020,,,,,,
141425,2,2020,,,,,,
152008,2,2020,,,,,,
162422,2,2020,,,,,,
152009,2,2020,,,,,,
162520,2,2020,,,,,,
162356,2,2020,,,,,,
151800,2,2020,,,,,,
162425,2,2020,,,,,,
162174,2,2020,,,,,,
151802,2,2020,,,,,,
162480,2,2020,,,,,,
162426,2,2020,,,,,,
134133,2,2020,,,,,,
124016,2,2020,,,,,,
138443,2,2020,,,,,,
151813,2,2020,,,,,,
114564,2,2020,,,,,,
162360,2,2020,,,,,,
162484,2,2020,,,,,,
162486,2,2020,,,,,,
162363,2,2020,,,,,,
162364,2,2020,,,,,,
151832,2,2020,,,,,,
114350,2,2020,,,,,,
162305,2,2020,,,,,,
162221,2,2020,,,,,,
162526,2,2020,,,,,,
141444,2,2020,,,,,,
162371,2,2020,,,,,,
162443,2,2020,,,,,,
151839,2,2020,,,,,,
514109,2,2020,,,,,,
162226,2,2020,,,,,,
151840,2,2020,,,,,,
589216,2,2020,,,,,,
162532,2,2020,,,,,,
114262,2,2020,,,,,,
151956,2,2020,,,,,,
141625,2,2020,,,,,,
152013,2,2020,,,,,,
162346,3,2020,,,,,,
162516,3,2020,,,,,,
162417,3,2020,,,,,,
124154,3,2020,,,,,,
141433,3,2020,,,,,,
162418,3,2020,,,,,,
162152,3,2020,,,,,,
162159,3,2020,,,,,,
141425,3,2020,,,,,,
162571,3,2020,,,,,,
162478,3,2020,,,,,,
152009,3,2020,,,,,,
151800,3,2020,,,,,,
162424,3,2020,,,,,,
162425,3,2020,,,,,,
162357,3,2020,,,,,,
151802,3,2020,,,,,,
162559,3,2020,,,,,,
162296,3,2020,,,,,,
138443,3,2020,,,,,,
162435,3,2020,,,,,,
141613,3,2020,,,,,,
162437,3,2020,,,,,,
162485,3,2020,,,,,,
162486,3,2020,,,,,,
162202,3,2020,,,,,,
151832,3,2020,,,,,,
141635,3,2020,,,,,,
162368,3,2020,,,,,,
141444,3,2020,,,,,,
162443,3,2020,,,,,,
162623,3,2020,,,,,,
151840,3,2020,,,,,,
162561,3,2020,,,,,,
162309,3,2020,,,,,,
162489,3,2020,,,,,,
162563,3,2020,,,,,,
162533,3,2020,,,,,,
162448,3,2020,,,,,,
152013,3,2020,,,,,,
152142,4,2020,,,,,,
162596,4,2020,,,,,,
151878,4,2020,,,,,,
124154,4,2020,,,,,,
122987,4,2020,,,,,,
162152,4,2020,,,,,,
162351,4,2020,,,,,,
162567,4,2020,,,,,,
162568,4,2020,,,,,,
162282,4,2020,,,,,,
134635,4,2020,,,,,,
162672,4,2020,,,,,,
162352,4,2020,,,,,,
162353,4,2020,,,,,,
162287,4,2020,,,,,,
151733,4,2020,,,,,,
162570,4,2020,,,,,,
141425,4,2020,,,,,,
162289,4,2020,,,,,,
162166,4,2020,,,,,,
162573,4,2020,,,,,,
141418,4,2020,,,,,,
162423,4,2020,,,,,,
162558,4,2020,,,,,,
162425,4,2020,,,,,,
162609,4,2020,,,,,,
162427,4,2020,,,,,,
162575,4,2020,,,,,,
140920,4,2020,,,,,,
162674,4,2020,,,,,,
141366,4,2020,,,,,,
162482,4,2020,,,,,,
138443,4,2020,,,,,,
162615,4,2020,,,,,,
162616,4,2020,,,,,,
162297,4,2020,,,,,,
162435,4,2020,,,,,,
162617,4,2020,,,,,,
162436,4,2020,,,,,,
162189,4,2020,,,,,,
151897,4,2020,,,,,,
151898,4,2020,,,,,,
141613,4,2020,,,,,,
162193,4,2020,,,,,,
162485,4,2020,,,,,,
162580,4,2020,,,,,,
162363,4,2020,,,,,,
151899,4,2020,,,,,,
162303,4,2020,,,,,,
162304,4,2020,,,,,,
141550,4,2020,,,,,,
141615,4,2020,,,,,,
140837,4,2020,,,,,,
162621,4,2020,,,,,,
141444,4,2020,,,,,,
162680,4,2020,,,,,,
151908,4,2020,,,,,,
162371,4,2020,,,,,,
162644,4,2020,,,,,,
151837,4,2020,,,,,,
162645,4,2020,,,,,,
162646,4,2020,,,,,,
151839,4,2020,,,,,,
162487,4,2020,,,,,,
152022,4,2020,,,,,,
151971,4,2020,,,,,,
162624,4,2020,,,,,,
162625,4,2020,,,,,,
162488,4,2020,,,,,,
162627,4,2020,,,,,,
162532,4,2020,,,,,,
162318,4,2020,,,,,,
162630,4,2020,,,,,,
162489,4,2020,,,,,,
152012,4,2020,,,,,,
140826,4,2020,,,,,,
162490,4,2020,,,,,,
151853,4,2020,,,,,,
162249,4,2020,,,,,,
162638,4,2020,,,,,,
162448,4,2020,,,,,,
162535,4,2020,,,,,,
513839,4,2020,,,,,,
162536,4,2020,,,,,,
152090,4,2020,,,,,,
162594,5,2020,,,,,,
162599,5,2020,,,,,,
124154,5,2020,,,,,,
162475,5,2020,,,,,,
162567,5,2020,,,,,,
162601,5,2020,,,,,,
133742,5,2020,,,,,,
162603,5,2020,,,,,,
141425,5,2020,,,,,,
162606,5,2020,,,,,,
133997,5,2020,,,,,,
162615,5,2020,,,,,,
162580,5,2020,,,,,,
162524,5,2020,,,,,,
162438,5,2020,,,,,,
162439,5,2020,,,,,,
162440,5,2020,,,,,,
162441,5,2020,,,,,,
162525,5,2020,,,,,,
140837,5,2020,,,,,,
162621,5,2020,,,,,,
162442,5,2020,,,,,,
141444,5,2020,,,,,,
162680,5,2020,,,,,,
151908,5,2020,,,,,,
162645,5,2020,,,,,,
162646,5,2020,,,,,,
162528,5,2020,,,,,,
162488,5,2020,,,,,,
162630,5,2020,,,,,,
162687,5,2020,,,,,,
162669,6,2020,,,,,,
162708,6,2020,,,,,,
162603,6,2020,,,,,,
141425,6,2020,,,,,,
140920,6,2020,,,,,,
162430,6,2020,,,,,,
162617,6,2020,,,,,,
162189,6,2020,,,,,,
162361,6,2020,,,,,,
162642,6,2020,,,,,,
162193,6,2020,,,,,,
162580,6,2020,,,,,,
162200,6,2020,,,,,,
162525,6,2020,,,,,,
140837,6,2020,,,,,,
141444,6,2020,,,,,,
162528,6,2020,,,,,,
162444,6,2020,,,,,,
162629,6,2020,,,,,,
138396,6,2020,,,,,,
162490,6,2020,,,,,,
162447,6,2020,,,,,,
151761,7,2020,,,,,,
152144,7,2020,,,,,,
162669,7,2020,,,,,,
162566,7,2020,,,,,,
162755,7,2020,,,,,,
162708,7,2020,,,,,,
162159,7,2020,,,,,,
162604,7,2020,,,,,,
162714,7,2020,,,,,,
162519,7,2020,,,,,,
140533,7,2020,,,,,,
162176,7,2020,,,,,,
162641,7,2020,,,,,,
140920,7,2020,,,,,,
162576,7,2020,,,,,,
162896,7,2020,,,,,,
162617,7,2020,,,,,,
162726,7,2020,,,,,,
162580,7,2020,,,,,,
162200,7,2020,,,,,,
141550,7,2020,,,,,,
162761,7,2020,,,,,,
162679,7,2020,,,,,,
140837,7,2020,,,,,,
162621,7,2020,,,,,,
162733,7,2020,,,,,,
162645,7,2020,,,,,,
162684,7,2020,,,,,,
162238,7,2020,,,,,,
162764,7,2020,,,,,,
162687,7,2020,,,,,,
162688,7,2020,,,,,,
162735,7,2020,,,,,,
162566,8,2020,,,,,,
162159,8,2020,,,,,,
162617,8,2020,,,,,,
162726,8,2020,,,,,,
162733,8,2020,,,,,,
162684,8,2020,,,,,,
162765,8,2020,,,,,,
162449,8,2020,,,,,,
162915,9,2020,,,,,,
162566,9,2020,,,,,,
162671,9,2020,,,,,,
163011,9,2020,,,,,,
141642,9,2020,,,,,,
162897,9,2020,,,,,,
162617,9,2020,,,,,,
162726,9,2020,,,,,,
162929,9,2020,,,,,,
163021,9,2020,,,,,,
162580,9,2020,,,,,,
162199,9,2020,,,,,,
162679,9,2020,,,,,,
140837,9,2020,,,,,,
162765,9,2020,,,,,,
141141,9,2020,,,,,,
141325,9,2020,,,,,,
162853,9,2020,,,,,,
141112,9,2020,,,,,,
162780,9,2020,,,,,,
162844,9,2020,,,,,,
162756,9,2020,,,,,,
162479,9,2020,,,,,,
162879,9,2020,,,,,,
162429,9,2020,,,,,,
151807,9,2020,,,,,,
162914,9,2020,,,,,,
162710,9,2020,,,,,,
162917,9,2020,,,,,,
133997,9,2020,,,,,,
162429,9,2020,,,,,,
162895,9,2020,,,,,,
162759,9,2020,,,,,,
162925,9,2020,,,,,,
162926,9,2020,,,,,,
162961,9,2020,,,,,,
139903,9,2020,,,,,,
162928,9,2020,,,,,,
151897,9,2020,,,,,,
151898,9,2020,,,,,,
151719,9,2020,,,,,,
162450,9,2020,,,,,,
162579,9,2020,,,,,,
139619,9,2020,,,,,,
162677,9,2020,,,,,,
151957,9,2020,,,,,,
162619,9,2020,,,,,,
134188,9,2020,,,,,,
162620,9,2020,,,,,,
162705,9,2020,,,,,,
162932,9,2020,,,,,,
162931,9,2020,,,,,,
162678,9,2020,,,,,,
162206,9,2020,,,,,,
162930,9,2020,,,,,,
162946,9,2020,,,,,,
162785,9,2020,,,,,,
162945,9,2020,,,,,,
162943,9,2020,,,,,,
151833,9,2020,,,,,,
141635,9,2020,,,,,,
162941,9,2020,,,,,,
162940,9,2020,,,,,,
162939,9,2020,,,,,,
162212,9,2020,,,,,,
162938,9,2020,,,,,,
162937,9,2020,,,,,,
162935,9,2020,,,,,,
162647,9,2020,,,,,,
162527,9,2020,,,,,,
162948,9,2020,,,,,,
162949,9,2020,,,,,,
162950,9,2020,,,,,,
134010,9,2020,,,,,,
162561,9,2020,,,,,,
162530,9,2020,,,,,,
162532,9,2020,,,,,,
162962,9,2020,,,,,,
131431,9,2020,,,,,,
141088,9,2020,,,,,,
140826,9,2020,,,,,,
162912,9,2020,,,,,,
162687,9,2020,,,,,,
162954,9,2020,,,,,,
162446,9,2020,,,,,,
162787,9,2020,,,,,,
162957,9,2020,,,,,,
138396,9,2020,,,,,,
162583,9,2020,,,,,,
151853,9,2020,,,,,,
162249,9,2020,,,,,,
138950,9,2020,,,,,,
162640,9,2020,,,,,,
162766,9,2020,,,,,,
162959,9,2020,,,,,,
162690,9,2020,,,,,,
162491,9,2020,,,,,,
162471,10,2020,,,,,,
162914,10,2020,,,,,,
162712,10,2020,,,,,,
162913,10,2020,,,,,,
162918,10,2020,,,,,,
162604,10,2020,,,,,,
162923,10,2020,,,,,,
162432,10,2020,,,,,,
162297,10,2020,,,,,,
162675,10,2020,,,,,,
162617,10,2020,,,,,,
162436,10,2020,,,,,,
162726,10,2020,,,,,,
162195,10,2020,,,,,,
162933,10,2020,,,,,,
151828,10,2020,,,,,,
163021,10,2020,,,,,,
162678,10,2020,,,,,,
162939,10,2020,,,,,,
162561,10,2020,,,,,,
163061,10,2020,,,,,,
162734,10,2020,,,,,,
162635,10,2020,,,,,,
162636,10,2020,,,,,,
162959,10,2020,,,,,,
162911,11,2020,,,,,,
162595,11,2020,,,,,,
162711,11,2020,,,,,,
162149,11,2020,,,,,,
162712,11,2020,,,,,,
162913,11,2020,,,,,,
162852,11,2020,,,,,,
162918,11,2020,,,,,,
132945,11,2020,,,,,,
162354,11,2020,,,,,,
162846,11,2020,,,,,,
162605,11,2020,,,,,,
162421,11,2020,,,,,,
162757,11,2020,,,,,,
163017,11,2020,,,,,,
162885,11,2020,,,,,,
162641,11,2020,,,,,,
140920,11,2020,,,,,,
163019,11,2020,,,,,,
162924,11,2020,,,,,,
162434,11,2020,,,,,,
163140,11,2020,,,,,,
163020,11,2020,,,,,,
162436,11,2020,,,,,,
162676,11,2020,,,,,,
139559,11,2020,,,,,,
163022,11,2020,,,,,,
163023,11,2020,,,,,,
163148,11,2020,,,,,,
163149,11,2020,,,,,,
162679,11,2020,,,,,,
163024,11,2020,,,,,,
162937,11,2020,,,,,,
163080,11,2020,,,,,,
163025,11,2020,,,,,,
163083,11,2020,,,,,,
163108,11,2020,,,,,,
134010,11,2020,,,,,,
163027,11,2020,,,,,,
162530,11,2020,,,,,,
151846,11,2020,,,,,,
162689,11,2020,,,,,,
162637,11,2020,,,,,,
162639,11,2020,,,,,,
162766,11,2020,,,,,,
162690,11,2020,,,,,,
163009,12,2020,,,,,,
162858,12,2020,,,,,,
163114,12,2020,,,,,,
162711,12,2020,,,,,,
163010,12,2020,,,,,,
162350,12,2020,,,,,,
163115,12,2020,,,,,,
122257,12,2020,,,,,,
162477,12,2020,,,,,,
162354,12,2020,,,,,,
162782,12,2020,,,,,,
163015,12,2020,,,,,,
162479,12,2020,,,,,,
163062,12,2020,,,,,,
151915,12,2020,,,,,,
163016,12,2020,,,,,,
140739,12,2020,,,,,,
163017,12,2020,,,,,,
140740,12,2020,,,,,,
162783,12,2020,,,,,,
163136,12,2020,,,,,,
162721,12,2020,,,,,,
162893,12,2020,,,,,,
163064,12,2020,,,,,,
162673,12,2020,,,,,,
162924,12,2020,,,,,,
162434,12,2020,,,,,,
163065,12,2020,,,,,,
162677,12,2020,,,,,,
151957,12,2020,,,,,,
163068,12,2020,,,,,,
163069,12,2020,,,,,,
163070,12,2020,,,,,,
163071,12,2020,,,,,,
163023,12,2020,,,,,,
163072,12,2020,,,,,,
163176,12,2020,,,,,,
163073,12,2020,,,,,,
163075,12,2020,,,,,,
163149,12,2020,,,,,,
162762,12,2020,,,,,,
163079,12,2020,,,,,,
163080,12,2020,,,,,,
163081,12,2020,,,,,,
163082,12,2020,,,,,,
163083,12,2020,,,,,,
163086,12,2020,,,,,,
163027,12,2020,,,,,,
163177,12,2020,,,,,,
162530,12,2020,,,,,,
163030,12,2020,,,,,,
152012,12,2020,,,,,,
163031,12,2020,,,,,,
162634,12,2020,,,,,,
163032,12,2020,,,,,,
162958,12,2020,,,,,,
162858,1,2021,,,,,,
162857,1,2021,,,,,,
162856,1,2021,,,,,,
124726,1,2021,,,,,,
163124,1,2021,,,,,,
163110,1,2021,,,,,,
163127,1,2021,,,,,,
163013,1,2021,,,,,,
162847,1,2021,,,,,,
163014,1,2021,,,,,,
163128,1,2021,,,,,,
162920,1,2021,,,,,,
162921,1,2021,,,,,,
162843,1,2021,,,,,,
162479,1,2021,,,,,,
163132,1,2021,,,,,,
162610,1,2021,,,,,,
163116,1,2021,,,,,,
140740,1,2021,,,,,,
162706,1,2021,,,,,,
162892,1,2021,,,,,,
162312,1,2021,,,,,,
162893,1,2021,,,,,,
162611,1,2021,,,,,,
162612,1,2021,,,,,,
163117,1,2021,,,,,,
163066,1,2021,,,,,,
162927,1,2021,,,,,,
163142,1,2021,,,,,,
162934,1,2021,,,,,,
162823,1,2021,,,,,,
163144,1,2021,,,,,,
163145,1,2021,,,,,,
163146,1,2021,,,,,,
163023,1,2021,,,,,,
163072,1,2021,,,,,,
163176,1,2021,,,,,,
163150,1,2021,,,,,,
162368,1,2021,,,,,,
163088,1,2021,,,,,,
163161,1,2021,,,,,,
141469,1,2021,,,,,,
162532,1,2021,,,,,,
163030,1,2021,,,,,,
152012,1,2021,,,,,,
163164,1,2021,,,,,,
163112,1,2021,,,,,,
162534,1,2021,,,,,,
162954,1,2021,,,,,,
163160,1,2021,,,,,,
163121,1,2021,,,,,,
163165,1,2021,,,,,,
162709,2,2021,,,,,,
162916,2,2021,,,,,,
162917,2,2021,,,,,,
162919,2,2021,,,,,,
163175,2,2021,,,,,,
163128,2,2021,,,,,,
162843,2,2021,,,,,,
163129,2,2021,,,,,,
162715,2,2021,,,,,,
163181,2,2021,,,,,,
162888,2,2021,,,,,,
162719,2,2021,,,,,,
163134,2,2021,,,,,,
162706,2,2021,,,,,,
162892,2,2021,,,,,,
162432,2,2021,,,,,,
163241,2,2021,,,,,,
163182,2,2021,,,,,,
162934,2,2021,,,,,,
163242,2,2021,,,,,,
162728,2,2021,,,,,,
162730,2,2021,,,,,,
163023,2,2021,,,,,,
162762,2,2021,,,,,,
163078,2,2021,,,,,,
163108,2,2021,,,,,,
163085,2,2021,,,,,,
162685,2,2021,,,,,,
162786,2,2021,,,,,,
131431,2,2021,,,,,,
162686,2,2021,,,,,,
151716,2,2021,,,,,,
162445,2,2021,,,,,,
151846,2,2021,,,,,,
152012,2,2021,,,,,,
162954,2,2021,,,,,,
162767,2,2021,,,,,,
163018,2,2021,,,,,,
162916,3,2021,,,,,,
163204,3,2021,,,,,,
133267,3,2021,,,,,,
163129,3,2021,,,,,,
151861,3,2021,,,,,,
162716,3,2021,,,,,,
162432,3,2021,,,,,,
163241,3,2021,,,,,,
162760,3,2021,,,,,,
162934,3,2021,,,,,,
163184,3,2021,,,,,,
163243,3,2021,,,,,,
163023,3,2021,,,,,,
163148,3,2021,,,,,,
163076,3,2021,,,,,,
163185,3,2021,,,,,,
162936,3,2021,,,,,,
163244,3,2021,,,,,,
162527,3,2021,,,,,,
162947,3,2021,,,,,,
163245,3,2021,,,,,,
163108,3,2021,,,,,,
163246,3,2021,,,,,,
163186,3,2021,,,,,,
132377,3,2021,,,,,,
162685,3,2021,,,,,,
163226,3,2021,,,,,,
162786,3,2021,,,,,,
162951,3,2021,,,,,,
162686,3,2021,,,,,,
163187,3,2021,,,,,,
152012,3,2021,,,,,,
163188,3,2021,,,,,,
163166,3,2021,,,,,,
162471,4,2021,,,,,,
163337,4,2021,,,,,,
162859,4,2021,,,,,,
163264,4,2021,,,,,,
163265,4,2021,,,,,,
163268,4,2021,,,,,,
162916,4,2021,,,,,,
163174,4,2021,,,,,,
162600,4,2021,,,,,,
163125,4,2021,,,,,,
163270,4,2021,,,,,,
162853,4,2021,,,,,,
163239,4,2021,,,,,,
163126,4,2021,,,,,,
162850,4,2021,,,,,,
163191,4,2021,,,,,,
163339,4,2021,,,,,,
162780,4,2021,,,,,,
163272,4,2021,,,,,,
163274,4,2021,,,,,,
132049,4,2021,,,,,,
163204,4,2021,,,,,,
163240,4,2021,,,,,,
162880,4,2021,,,,,,
163063,4,2021,,,,,,
162881,4,2021,,,,,,
163276,4,2021,,,,,,
163277,4,2021,,,,,,
162807,4,2021,,,,,,
162882,4,2021,,,,,,
162707,4,2021,,,,,,
163208,4,2021,,,,,,
163279,4,2021,,,,,,
140563,4,2021,,,,,,
163280,4,2021,,,,,,
163138,4,2021,,,,,,
163210,4,2021,,,,,,
#N/A,4,2021,,,,,,
163241,4,2021,,,,,,
162723,4,2021,,,,,,
163282,4,2021,,,,,,
162434,4,2021,,,,,,
162925,4,2021,,,,,,
162926,4,2021,,,,,,
162961,4,2021,,,,,,
162928,4,2021,,,,,,
141611,4,2021,,,,,,
162191,4,2021,,,,,,
163143,4,2021,,,,,,
162934,4,2021,,,,,,
163324,4,2021,,,,,,
162643,4,2021,,,,,,
163285,4,2021,,,,,,
162201,4,2021,,,,,,
162524,4,2021,,,,,,
163183,4,2021,,,,,,
163286,4,2021,,,,,,
163287,4,2021,,,,,,
163288,4,2021,,,,,,
162932,4,2021,,,,,,
162931,4,2021,,,,,,
162930,4,2021,,,,,,
162945,4,2021,,,,,,
163290,4,2021,,,,,,
163347,4,2021,,,,,,
163074,4,2021,,,,,,
163077,4,2021,,,,,,
163294,4,2021,,,,,,
162941,4,2021,,,,,,
162940,4,2021,,,,,,
163296,4,2021,,,,,,
163221,4,2021,,,,,,
162938,4,2021,,,,,,
163304,4,2021,,,,,,
163307,4,2021,,,,,,
163308,4,2021,,,,,,
163084,4,2021,,,,,,
163309,4,2021,,,,,,
162948,4,2021,,,,,,
163186,4,2021,,,,,,
163310,4,2021,,,,,,
162685,4,2021,,,,,,
162950,4,2021,,,,,,
163314,4,2021,,,,,,
162830,4,2021,,,,,,
163315,4,2021,,,,,,
163316,4,2021,,,,,,
163317,4,2021,,,,,,
162686,4,2021,,,,,,
152012,4,2021,,,,,,
151956,4,2021,,,,,,
162952,4,2021,,,,,,
162533,4,2021,,,,,,
162956,4,2021,,,,,,
163320,4,2021,,,,,,
162787,4,2021,,,,,,
134454,4,2021,,,,,,
162960,4,2021,,,,,,
162690,4,2021,,,,,,
163322,4,2021,,,,,,
163238,5,2021,,,,,,
141325,5,2021,,,,,,
163268,5,2021,,,,,,
162916,5,2021,,,,,,
162883,5,2021,,,,,,
163133,5,2021,,,,,,
163208,5,2021,,,,,,
163342,5,2021,,,,,,
138215,5,2021,,,,,,
163241,5,2021,,,,,,
163283,5,2021,,,,,,
141611,5,2021,,,,,,
162578,5,2021,,,,,,
162643,5,2021,,,,,,
162524,5,2021,,,,,,
163345,5,2021,,,,,,
163346,5,2021,,,,,,
163352,5,2021,,,,,,
163355,5,2021,,,,,,
162581,5,2021,,,,,,
162582,5,2021,,,,,,
162562,5,2021,,,,,,
163321,5,2021,,,,,,
163180,5,2021,,,,,,
162756,6,2021,,,,,,
162862,6,2021,,,,,,
163137,6,2021,,,,,,
162429,6,2021,,,,,,
151807,6,2021,,,,,,
163241,6,2021,,,,,,
163366,6,2021,,,,,,
162192,6,2021,,,,,,
162524,6,2021,,,,,,
163287,6,2021,,,,,,
163346,6,2021,,,,,,
163371,6,2021,,,,,,
163298,6,2021,,,,,,
163372,6,2021,,,,,,
163352,6,2021,,,,,,
162682,6,2021,,,,,,
163357,6,2021,,,,,,
163120,6,2021,,,,,,
162756,7,2021,,,,,,
162862,7,2021,,,,,,
134757,7,2021,,,,,,
163341,7,2021,,,,,,
151807,7,2021,,,,,,
163209,7,2021,,,,,,
163241,7,2021,,,,,,
162924,7,2021,,,,,,
163366,7,2021,,,,,,
163141,7,2021,,,,,,
162524,7,2021,,,,,,
163293,7,2021,,,,,,
163391,7,2021,,,,,,
163154,7,2021,,,,,,
163303,7,2021,,,,,,
163155,7,2021,,,,,,
163306,7,2021,,,,,,
163156,7,2021,,,,,,
163158,7,2021,,,,,,
163312,7,2021,,,,,,
163120,7,2021,,,,,,
163454,8,2021,,,,,,
162756,8,2021,,,,,,
163456,8,2021,,,,,,
151807,8,2021,,,,,,
163459,8,2021,,,,,,
163343,8,2021,,,,,,
162524,8,2021,,,,,,
163293,8,2021,,,,,,
163303,8,2021,,,,,,
163306,8,2021,,,,,,
163466,8,2021,,,,,,
163312,8,2021,,,,,,
163465,8,2021,,,,,,
163008,9,2021,,,,,,
152137,9,2021,,,,,,
163386,9,2021,,,,,,
163113,9,2021,,,,,,
163475,9,2021,,,,,,
162754,9,2021,,,,,,
162597,9,2021,,,,,,
163387,9,2021,,,,,,
163524,9,2021,,,,,,
163179,9,2021,,,,,,
163012,9,2021,,,,,,
163109,9,2021,,,,,,
162153,9,2021,,,,,,
162713,9,2021,,,,,,
162569,9,2021,,,,,,
163340,9,2021,,,,,,
163478,9,2021,,,,,,
163479,9,2021,,,,,,
163203,9,2021,,,,,,
162572,9,2021,,,,,,
162878,9,2021,,,,,,
162168,9,2021,,,,,,
163482,9,2021,,,,,,
163278,9,2021,,,,,,
163205,9,2021,,,,,,
163389,9,2021,,,,,,
163131,9,2021,,,,,,
139322,9,2021,,,,,,
163483,9,2021,,,,,,
163458,9,2021,,,,,,
162357,9,2021,,,,,,
163485,9,2021,,,,,,
162718,9,2021,,,,,,
163486,9,2021,,,,,,
163487,9,2021,,,,,,
163139,9,2021,,,,,,
163488,9,2021,,,,,,
162722,9,2021,,,,,,
163490,9,2021,,,,,,
162481,9,2021,,,,,,
163492,9,2021,,,,,,
163493,9,2021,,,,,,
163363,9,2021,,,,,,
163241,9,2021,,,,,,
163494,9,2021,,,,,,
162924,9,2021,,,,,,
162579,9,2021,,,,,,
163495,9,2021,,,,,,
139619,9,2021,,,,,,
163390,9,2021,,,,,,
163284,9,2021,,,,,,
163344,9,2021,,,,,,
163213,9,2021,,,,,,
163214,9,2021,,,,,,
163287,9,2021,,,,,,
163289,9,2021,,,,,,
163370,9,2021,,,,,,
162944,9,2021,,,,,,
163323,9,2021,,,,,,
151833,9,2021,,,,,,
163336,9,2021,,,,,,
139561,9,2021,,,,,,
163291,9,2021,,,,,,
163348,9,2021,,,,,,
163147,9,2021,,,,,,
162942,9,2021,,,,,,
163292,9,2021,,,,,,
163349,9,2021,,,,,,
163350,9,2021,,,,,,
163460,9,2021,,,,,,
163498,9,2021,,,,,,
163297,9,2021,,,,,,
163510,9,2021,,,,,,
163351,9,2021,,,,,,
163300,9,2021,,,,,,
163299,9,2021,,,,,,
163301,9,2021,,,,,,
163298,9,2021,,,,,,
163302,9,2021,,,,,,
162622,9,2021,,,,,,
163499,9,2021,,,,,,
163353,9,2021,,,,,,
163305,9,2021,,,,,,
163026,9,2021,,,,,,
163464,9,2021,,,,,,
163354,9,2021,,,,,,
163501,9,2021,,,,,,
163502,9,2021,,,,,,
163311,9,2021,,,,,,
163224,9,2021,,,,,,
163313,9,2021,,,,,,
162628,9,2021,,,,,,
162962,9,2021,,,,,,
131431,9,2021,,,,,,
119932,9,2021,,,,,,
139903,9,2021,,,,,,
163178,9,2021,,,,,,
163162,9,2021,,,,,,
134226,9,2021,,,,,,
163163,9,2021,,,,,,
163505,9,2021,,,,,,
162583,9,2021,,,,,,
163511,9,2021,,,,,,
163507,9,2021,,,,,,
163509,9,2021,,,,,,
162491,9,2021,,,,,,
163393,9,2021,,,,,,
163398,9,2021,,,,,,
163399,9,2021,,,,,,
163400,9,2021,,,,,,
163401,9,2021,,,,,,
163402,9,2021,,,,,,
163403,9,2021,,,,,,
163404,9,2021,,,,,,
163405,9,2021,,,,,,
163406,9,2021,,,,,,
163407,9,2021,,,,,,
163408,9,2021,,,,,,
163409,9,2021,,,,,,
163410,9,2021,,,,,,
163411,9,2021,,,,,,
163412,9,2021,,,,,,
163413,9,2021,,,,,,
163414,9,2021,,,,,,
163415,9,2021,,,,,,
163416,9,2021,,,,,,
163417,9,2021,,,,,,
163418,9,2021,,,,,,
163419,9,2021,,,,,,
163420,9,2021,,,,,,
163421,9,2021,,,,,,
163422,9,2021,,,,,,
163423,9,2021,,,,,,
163424,9,2021,,,,,,
163425,9,2021,,,,,,
163426,9,2021,,,,,,
163427,9,2021,,,,,,
163428,9,2021,,,,,,
163429,9,2021,,,,,,
163430,9,2021,,,,,,
163431,9,2021,,,,,,
163432,9,2021,,,,,,
163433,9,2021,,,,,,
163434,9,2021,,,,,,
163435,9,2021,,,,,,
163436,9,2021,,,,,,
163438,9,2021,,,,,,
163439,9,2021,,,,,,
163440,9,2021,,,,,,
163441,9,2021,,,,,,
163442,9,2021,,,,,,
163443,9,2021,,,,,,
163444,9,2021,,,,,,
163445,9,2021,,,,,,
163446,9,2021,,,,,,
163447,9,2021,,,,,,
163448,9,2021,,,,,,
163449,9,2021,,,,,,
163450,9,2021,,,,,,
163451,9,2021,,,,,,
163452,9,2021,,,,,,
163453,9,2021,,,,,,
132910,9,2021,,,,,,
162756,9,2021,,,,,,
163455,9,2021,,,,,,
163457,9,2021,,,,,,
151807,9,2021,,,,,,
163113,10,2021,,,,,,
163475,10,2021,,,,,,
162754,10,2021,,,,,,
162278,10,2021,,,,,,
163199,10,2021,,,,,,
162713,10,2021,,,,,,
162756,10,2021,,,,,,
163131,10,2021,,,,,,
151788,10,2021,,,,,,
163487,10,2021,,,,,,
151807,10,2021,,,,,,
163490,10,2021,,,,,,
163526,10,2021,,,,,,
163527,10,2021,,,,,,
163528,10,2021,,,,,,
163531,10,2021,,,,,,
163554,10,2021,,,,,,
163287,10,2021,,,,,,
163532,10,2021,,,,,,
163555,10,2021,,,,,,
163556,10,2021,,,,,,
151834,10,2021,,,,,,
163533,10,2021,,,,,,
163534,10,2021,,,,,,
163510,10,2021,,,,,,
163461,10,2021,,,,,,
163151,10,2021,,,,,,
163558,10,2021,,,,,,
163152,10,2021,,,,,,
163153,10,2021,,,,,,
163535,10,2021,,,,,,
163463,10,2021,,,,,,
163559,10,2021,,,,,,
163560,10,2021,,,,,,
163561,10,2021,,,,,,
163507,10,2021,,,,,,
163008,11,2021,,,,,,
163475,11,2021,,,,,,
162278,11,2021,,,,,,
163548,11,2021,,,,,,
163199,11,2021,,,,,,
162713,11,2021,,,,,,
163549,11,2021,,,,,,
163550,11,2021,,,,,,
163278,11,2021,,,,,,
163588,11,2021,,,,,,
163487,11,2021,,,,,,
151807,11,2021,,,,,,
162481,11,2021,,,,,,
163492,11,2021,,,,,,
163592,11,2021,,,,,,
163529,11,2021,,,,,,
163368,11,2021,,,,,,
138160,11,2021,,,,,,
163531,11,2021,,,,,,
163287,11,2021,,,,,,
163557,11,2021,,,,,,
163510,11,2021,,,,,,
163597,11,2021,,,,,,
163598,11,2021,,,,,,
163603,11,2021,,,,,,
163605,11,2021,,,,,,
163606,11,2021,,,,,,
131431,11,2021,,,,,,
163375,11,2021,,,,,,
163008,12,2021,,,,,,
163113,12,2021,,,,,,
162754,12,2021,,,,,,
162278,12,2021,,,,,,
162916,12,2021,,,,,,
163548,12,2021,,,,,,
163199,12,2021,,,,,,
162155,12,2021,,,,,,
163477,12,2021,,,,,,
163549,12,2021,,,,,,
163550,12,2021,,,,,,
163480,12,2021,,,,,,
163278,12,2021,,,,,,
163205,12,2021,,,,,,
163630,12,2021,,,,,,
162884,12,2021,,,,,,
163525,12,2021,,,,,,
132465,12,2021,,,,,,
163590,12,2021,,,,,,
163487,12,2021,,,,,,
151807,12,2021,,,,,,
163488,12,2021,,,,,,
163489,12,2021,,,,,,
163491,12,2021,,,,,,
151896,12,2021,,,,,,
132316,12,2021,,,,,,
163368,12,2021,,,,,,
163595,12,2021,,,,,,
138160,12,2021,,,,,,
163596,12,2021,,,,,,
163557,12,2021,,,,,,
163510,12,2021,,,,,,
163462,12,2021,,,,,,
163463,12,2021,,,,,,
163157,12,2021,,,,,,
163500,12,2021,,,,,,
141070,12,2021,,,,,,
163504,12,2021,,,,,,
131431,12,2021,,,,,,
163474,12,2021,,,,,,
163375,12,2021,,,,,,
163508,12,2021,,,,,,
163008,1,2022,,,,,,
163654,1,2022,,,,,,
162278,1,2022,,,,,,
162916,1,2022,,,,,,
163548,1,2022,,,,,,
163583,1,2022,,,,,,
134686,1,2022,,,,,,
162713,1,2022,,,,,,
163477,1,2022,,,,,,
163549,1,2022,,,,,,
163634,1,2022,,,,,,
163638,1,2022,,,,,,
163640,1,2022,,,,,,
163481,1,2022,,,,,,
163423,1,2022,,,,,,
163278,1,2022,,,,,,
163205,1,2022,,,,,,
163630,1,2022,,,,,,
163587,1,2022,,,,,,
163484,1,2022,,,,,,
151788,1,2022,,,,,,
163590,1,2022,,,,,,
163591,1,2022,,,,,,
163487,1,2022,,,,,,
163643,1,2022,,,,,,
151807,1,2022,,,,,,
163489,1,2022,,,,,,
132447,1,2022,,,,,,
163697,1,2022,,,,,,
163348,1,2022,,,,,,
163534,1,2022,,,,,,
163510,1,2022,,,,,,
163599,1,2022,,,,,,
163559,1,2022,,,,,,
163354,1,2022,,,,,,
163157,1,2022,,,,,,
163500,1,2022,,,,,,
163563,1,2022,,,,,,
163474,1,2022,,,,,,
163651,1,2022,,,,,,
151703,1,2022,,,,,,
163508,1,2022,,,,,,
163609,1,2022,,,,,,
163610,1,2022,,,,,,
163362,2,2022,,,,,,
163008,2,2022,,,,,,
163655,2,2022,,,,,,
163624,2,2022,,,,,,
163584,2,2022,,,,,,
162155,2,2022,,,,,,
163585,2,2022,,,,,,
163702,2,2022,,,,,,
163703,2,2022,,,,,,
163642,2,2022,,,,,,
163278,2,2022,,,,,,
163525,2,2022,,,,,,
151807,2,2022,,,,,,
163365,2,2022,,,,,,
163593,2,2022,,,,,,
163658,2,2022,,,,,,
163367,2,2022,,,,,,
163697,2,2022,,,,,,
163629,2,2022,,,,,,
163369,2,2022,,,,,,
162944,2,2022,,,,,,
163348,2,2022,,,,,,
163295,2,2022,,,,,,
163510,2,2022,,,,,,
163599,2,2022,,,,,,
163719,2,2022,,,,,,
163721,2,2022,,,,,,
163463,2,2022,,,,,,
163354,2,2022,,,,,,
163726,2,2022,,,,,,
163604,2,2022,,,,,,
163729,2,2022,,,,,,
163662,2,2022,,,,,,
163607,2,2022,,,,,,
163374,2,2022,,,,,,
131431,2,2022,,,,,,
163503,2,2022,,,,,,
163609,2,2022,,,,,,
163610,2,2022,,,,,,
163362,3,2022,,,,,,
163008,3,2022,,,,,,
163232,3,2022,,,,,,
163476,3,2022,,,,,,
163701,3,2022,,,,,,
163584,3,2022,,,,,,
163585,3,2022,,,,,,
163680,3,2022,,,,,,
163681,3,2022,,,,,,
163625,3,2022,,,,,,
163641,3,2022,,,,,,
163642,3,2022,,,,,,
163737,3,2022,,,,,,
163738,3,2022,,,,,,
163365,3,2022,,,,,,
163212,3,2022,,,,,,
163684,3,2022,,,,,,
163552,3,2022,,,,,,
163367,3,2022,,,,,,
163697,3,2022,,,,,,
163647,3,2022,,,,,,
162944,3,2022,,,,,,
163714,3,2022,,,,,,
139561,3,2022,,,,,,
163220,3,2022,,,,,,
163295,3,2022,,,,,,
163685,3,2022,,,,,,
163686,3,2022,,,,,,
163687,3,2022,,,,,,
163688,3,2022,,,,,,
163374,3,2022,,,,,,
131431,3,2022,,,,,,
163503,3,2022,,,,,,
163446,3,2022,,,,,,
163653,3,2022,,,,,,
163675,4,2022,,,,,,
138409,4,2022,,,,,,
162278,4,2022,,,,,,
163794,4,2022,,,,,,
163524,4,2022,,,,,,
162155,4,2022,,,,,,
163635,4,2022,,,,,,
163637,4,2022,,,,,,
163639,4,2022,,,,,,
163828,4,2022,,,,,,
163735,4,2022,,,,,,
163756,4,2022,,,,,,
163788,4,2022,,,,,,
163656,4,2022,,,,,,
163704,4,2022,,,,,,
163206,4,2022,,,,,,
163589,4,2022,,,,,,
163758,4,2022,,,,,,
163760,4,2022,,,,,,
163739,4,2022,,,,,,
163708,4,2022,,,,,,
163709,4,2022,,,,,,
162924,4,2022,,,,,,
163644,4,2022,,,,,,
163764,4,2022,,,,,,
163367,4,2022,,,,,,
163765,4,2022,,,,,,
163800,4,2022,,,,,,
163553,4,2022,,,,,,
163697,4,2022,,,,,,
163677,4,2022,,,,,,
163496,4,2022,,,,,,
163678,4,2022,,,,,,
163287,4,2022,,,,,,
163217,4,2022,,,,,,
163713,4,2022,,,,,,
163218,4,2022,,,,,,
163768,4,2022,,,,,,
163769,4,2022,,,,,,
163784,4,2022,,,,,,
163498,4,2022,,,,,,
163295,4,2022,,,,,,
163785,4,2022,,,,,,
163742,4,2022,,,,,,
163648,4,2022,,,,,,
163771,4,2022,,,,,,
163660,4,2022,,,,,,
163661,4,2022,,,,,,
163650,4,2022,,,,,,
162681,4,2022,,,,,,
163773,4,2022,,,,,,
163786,4,2022,,,,,,
162683,4,2022,,,,,,
163216,4,2022,,,,,,
163159,4,2022,,,,,,
163775,4,2022,,,,,,
163776,4,2022,,,,,,
163777,4,2022,,,,,,
163731,4,2022,,,,,,
163503,4,2022,,,,,,
163227,4,2022,,,,,,
163608,4,2022,,,,,,
163746,4,2022,,,,,,
163842,4,2022,,,,,,
