New UPIN,Count,Min of Open Month,Actual Open Date,Months
141177,1,01/06/2019,01/06/2022,36
151728,1,01/09/2019,01/09/2022,36
139619,3,01/09/2019,01/08/2022,35
134250,1,01/09/2019,01/06/2022,33
139561,4,01/06/2019,01/03/2022,33
134188,2,01/09/2019,01/04/2022,31
141621,1,01/09/2019,01/04/2022,31
162155,4,01/09/2019,01/04/2022,31
141422,1,01/06/2019,01/12/2021,30
139903,3,01/09/2019,01/09/2021,24
152137,2,01/09/2019,01/09/2021,24
162153,2,01/09/2019,01/09/2021,24
162946,1,01/09/2020,01/09/2022,24
162949,1,01/09/2020,01/09/2022,24
152012,9,01/08/2019,01/04/2021,20
162357,2,01/03/2020,01/11/2021,20
140563,2,01/09/2019,01/04/2021,19
162191,2,01/09/2019,01/04/2021,19
140920,7,01/05/2019,01/11/2020,18
131431,7,01/09/2020,01/02/2022,17
151807,10,01/09/2020,01/02/2022,17
151957,5,01/07/2019,01/12/2020,17
140837,8,01/06/2019,01/09/2020,15
162471,3,01/01/2020,01/04/2021,15
162524,6,01/05/2020,01/08/2021,15
138396,3,01/07/2019,01/09/2020,14
151956,2,01/02/2020,01/04/2021,14
162149,5,01/09/2019,01/11/2020,14
162446,1,01/09/2020,01/11/2021,14
162195,2,01/09/2019,01/10/2020,13
162533,2,01/03/2020,01/04/2021,13
162756,6,01/09/2020,01/10/2021,13
141366,3,01/04/2019,01/04/2020,12
141444,9,01/06/2019,01/06/2020,12
151837,5,01/04/2019,01/04/2020,12
162173,1,01/09/2019,01/09/2020,12
162199,2,01/09/2019,01/09/2020,12
162206,2,01/09/2019,01/09/2020,12
162491,2,01/09/2020,01/09/2021,12
162579,2,01/09/2020,01/09/2021,12
162583,2,01/09/2020,01/09/2021,12
162924,5,01/11/2020,01/11/2021,12
162962,2,01/09/2020,01/09/2021,12
163287,6,01/04/2021,01/04/2022,12
141418,4,01/05/2019,01/04/2020,11
141613,6,01/05/2019,01/04/2020,11
162297,3,01/11/2019,01/10/2020,11
162532,4,01/02/2020,01/01/2021,11
162916,6,01/02/2021,01/01/2022,11
141615,3,01/06/2019,01/04/2020,10
141625,5,01/04/2019,01/02/2020,10
162176,2,01/09/2019,01/07/2020,10
162200,3,01/09/2019,01/07/2020,10
162238,2,01/09/2019,01/07/2020,10
162368,2,01/03/2020,01/01/2021,10
163524,2,01/09/2021,01/07/2022,10
141425,7,01/09/2019,01/06/2020,9
141433,4,01/06/2019,01/03/2020,9
162429,3,01/09/2020,01/06/2021,9
163012,1,01/09/2021,01/06/2022,9
163026,1,01/09/2021,01/06/2022,9
163139,1,01/09/2021,01/06/2022,9
138443,4,01/08/2019,01/04/2020,8
141325,2,01/09/2020,01/05/2021,8
162278,5,01/10/2021,01/06/2022,8
151878,3,01/09/2019,01/04/2020,7
151899,2,01/09/2019,01/04/2020,7
152008,3,01/07/2019,01/02/2020,7
162166,2,01/09/2019,01/04/2020,7
162361,2,01/11/2019,01/06/2020,7
162436,3,01/04/2020,01/11/2020,7
162561,3,01/03/2020,01/10/2020,7
162690,3,01/09/2020,01/04/2021,7
162780,2,01/09/2020,01/04/2021,7
162787,2,01/09/2020,01/04/2021,7
162853,2,01/09/2020,01/04/2021,7
162925,2,01/09/2020,01/04/2021,7
162926,2,01/09/2020,01/04/2021,7
162928,2,01/09/2020,01/04/2021,7
162930,2,01/09/2020,01/04/2021,7
162931,2,01/09/2020,01/04/2021,7
162932,2,01/09/2020,01/04/2021,7
162938,2,01/09/2020,01/04/2021,7
162940,2,01/09/2020,01/04/2021,7
162941,2,01/09/2020,01/04/2021,7
162945,2,01/09/2020,01/04/2021,7
162948,2,01/09/2020,01/04/2021,7
162950,2,01/09/2020,01/04/2021,7
162961,2,01/09/2020,01/04/2021,7
163241,7,01/02/2021,01/09/2021,7
163453,1,01/09/2021,01/04/2022,7
163498,2,01/09/2021,01/04/2022,7
139912,4,01/04/2019,01/10/2019,6
141357,4,01/04/2019,01/10/2019,6
141631,4,01/06/2019,01/12/2019,6
162159,4,01/02/2020,01/08/2020,6
162202,2,01/09/2019,01/03/2020,6
162318,3,01/10/2019,01/04/2020,6
162527,2,01/09/2020,01/03/2021,6
162617,6,01/04/2020,01/10/2020,6
163008,6,01/09/2021,01/03/2022,6
163446,2,01/09/2021,01/03/2022,6
140826,2,01/04/2020,01/09/2020,5
140900,5,01/06/2019,01/11/2019,5
141435,3,01/09/2019,01/02/2020,5
141535,3,01/07/2019,01/12/2019,5
151678,2,01/09/2019,01/02/2020,5
151791,4,01/04/2019,01/09/2019,5
151853,2,01/04/2020,01/09/2020,5
151897,2,01/04/2020,01/09/2020,5
151898,2,01/04/2020,01/09/2020,5
151916,2,01/06/2019,01/11/2019,5
162221,5,01/09/2019,01/02/2020,5
162226,3,01/09/2019,01/02/2020,5
162249,2,01/04/2020,01/09/2020,5
162427,1,01/04/2020,01/09/2020,5
162432,3,01/10/2020,01/03/2021,5
162434,3,01/11/2020,01/04/2021,5
162580,5,01/04/2020,01/09/2020,5
162596,1,01/04/2020,01/09/2020,5
162917,2,01/09/2020,01/02/2021,5
162944,3,01/09/2021,01/02/2022,5
162954,3,01/09/2020,01/02/2021,5
163278,5,01/09/2021,01/02/2022,5
163348,3,01/09/2021,01/02/2022,5
163354,3,01/09/2021,01/02/2022,5
163510,6,01/09/2021,01/02/2022,5
133997,2,01/05/2020,01/09/2020,4
134426,5,01/06/2019,01/10/2019,4
140505,5,01/06/2019,01/10/2019,4
140512,4,01/06/2019,01/10/2019,4
140561,4,01/06/2019,01/10/2019,4
140597,4,01/06/2019,01/10/2019,4
141025,4,01/06/2019,01/10/2019,4
141111,4,01/04/2019,01/08/2019,4
141281,5,01/04/2019,01/08/2019,4
141519,3,01/06/2019,01/10/2019,4
141629,3,01/05/2019,01/09/2019,4
141637,5,01/07/2019,01/11/2019,4
151698,4,01/06/2019,01/10/2019,4
151715,3,01/04/2019,01/08/2019,4
151771,5,01/06/2019,01/10/2019,4
151776,5,01/06/2019,01/10/2019,4
151782,4,01/09/2019,01/01/2020,4
151797,4,01/06/2019,01/10/2019,4
151813,3,01/10/2019,01/02/2020,4
151908,3,01/01/2020,01/05/2020,4
151920,5,01/06/2019,01/10/2019,4
151993,2,01/09/2019,01/01/2020,4
162479,3,01/09/2020,01/01/2021,4
162641,2,01/07/2020,01/11/2020,4
162679,3,01/07/2020,01/11/2020,4
162687,3,01/05/2020,01/09/2020,4
162713,4,01/09/2021,01/01/2022,4
163023,5,01/11/2020,01/03/2021,4
163108,3,01/11/2020,01/03/2021,4
163148,2,01/11/2020,01/03/2021,4
163205,3,01/09/2021,01/01/2022,4
163367,3,01/02/2022,01/06/2022,4
163423,2,01/09/2021,01/01/2022,4
163463,3,01/10/2021,01/02/2022,4
163487,5,01/09/2021,01/01/2022,4
163584,2,01/02/2022,01/06/2022,4
163585,2,01/02/2022,01/06/2022,4
131650,4,01/09/2019,01/12/2019,3
139389,3,01/06/2019,01/09/2019,3
139427,3,01/06/2019,01/09/2019,3
139562,4,01/06/2019,01/09/2019,3
140010,3,01/06/2019,01/09/2019,3
141094,3,01/06/2019,01/09/2019,3
141100,3,01/06/2019,01/09/2019,3
141110,3,01/06/2019,01/09/2019,3
141219,2,01/09/2019,01/12/2019,3
141237,4,01/06/2019,01/09/2019,3
141266,3,01/06/2019,01/09/2019,3
141272,3,01/06/2019,01/09/2019,3
141273,3,01/06/2019,01/09/2019,3
141364,3,01/07/2019,01/10/2019,3
141550,2,01/04/2020,01/07/2020,3
141644,3,01/06/2019,01/09/2019,3
151726,3,01/09/2019,01/12/2019,3
151734,3,01/08/2019,01/11/2019,3
151767,3,01/04/2019,01/07/2019,3
151788,2,01/10/2021,01/01/2022,3
151818,4,01/06/2019,01/09/2019,3
151846,2,01/11/2020,01/02/2021,3
152009,4,01/12/2019,01/03/2020,3
152013,4,01/12/2019,01/03/2020,3
152136,4,01/09/2019,01/12/2019,3
162148,4,01/09/2019,01/12/2019,3
162179,4,01/09/2019,01/12/2019,3
162223,4,01/09/2019,01/12/2019,3
162241,4,01/09/2019,01/12/2019,3
162281,2,01/09/2019,01/12/2019,3
162448,3,01/01/2020,01/04/2020,3
162530,3,01/09/2020,01/12/2020,3
162604,2,01/07/2020,01/10/2020,3
162621,3,01/04/2020,01/07/2020,3
162645,3,01/04/2020,01/07/2020,3
162677,2,01/09/2020,01/12/2020,3
162726,4,01/07/2020,01/10/2020,3
162754,3,01/09/2021,01/12/2021,3
162934,4,01/01/2021,01/04/2021,3
163113,3,01/09/2021,01/12/2021,3
163488,2,01/09/2021,01/12/2021,3
163534,2,01/10/2021,01/01/2022,3
163559,2,01/10/2021,01/01/2022,3
163697,4,01/01/2022,01/04/2022,3
120979,2,01/09/2019,01/11/2019,2
124154,3,01/03/2020,01/05/2020,2
134280,2,01/04/2019,01/06/2019,2
138239,2,01/09/2019,01/11/2019,2
138409,1,01/04/2022,01/06/2022,2
140541,2,01/09/2019,01/11/2019,2
140923,2,01/04/2019,01/06/2019,2
141122,3,01/04/2019,01/06/2019,2
141343,3,01/06/2019,01/08/2019,2
141518,2,01/04/2019,01/06/2019,2
141636,2,01/09/2019,01/11/2019,2
151826,2,01/04/2019,01/06/2019,2
151839,2,01/02/2020,01/04/2020,2
151855,3,01/10/2019,01/12/2019,2
151857,2,01/04/2019,01/06/2019,2
151882,2,01/10/2019,01/12/2019,2
151901,2,01/07/2019,01/09/2019,2
151976,3,01/07/2019,01/09/2019,2
152011,2,01/08/2019,01/10/2019,2
152142,2,01/02/2020,01/04/2020,2
162174,2,01/12/2019,01/02/2020,2
162189,2,01/04/2020,01/06/2020,2
162193,2,01/04/2020,01/06/2020,2
162245,2,01/09/2019,01/11/2019,2
162251,2,01/10/2019,01/12/2019,2
162286,3,01/10/2019,01/12/2019,2
162298,3,01/10/2019,01/12/2019,2
162309,2,01/01/2020,01/03/2020,2
162363,2,01/02/2020,01/04/2020,2
162371,2,01/02/2020,01/04/2020,2
162425,3,01/02/2020,01/04/2020,2
162426,2,01/12/2019,01/02/2020,2
162481,2,01/09/2021,01/11/2021,2
162486,3,01/01/2020,01/03/2020,2
162490,2,01/04/2020,01/06/2020,2
162566,3,01/07/2020,01/09/2020,2
162685,3,01/02/2021,01/04/2021,2
162686,3,01/02/2021,01/04/2021,2
162762,2,01/12/2020,01/02/2021,2
162766,2,01/09/2020,01/11/2020,2
162937,2,01/09/2020,01/11/2020,2
163199,3,01/10/2021,01/12/2021,2
163295,3,01/02/2022,01/04/2022,2
163475,3,01/09/2021,01/11/2021,2
163492,2,01/09/2021,01/11/2021,2
163525,2,01/12/2021,01/02/2022,2
163548,3,01/11/2021,01/01/2022,2
163549,3,01/11/2021,01/01/2022,2
163735,1,01/04/2022,01/06/2022,2
163776,1,01/04/2022,01/06/2022,2
163788,1,01/04/2022,01/06/2022,2
124149,2,01/06/2019,01/07/2019,1
138160,2,01/11/2021,01/12/2021,1
138427,2,01/06/2019,01/07/2019,1
139276,2,01/06/2019,01/07/2019,1
139377,2,01/06/2019,01/07/2019,1
139539,2,01/06/2019,01/07/2019,1
140517,2,01/04/2019,01/05/2019,1
140544,2,01/04/2019,01/05/2019,1
140738,2,01/04/2019,01/05/2019,1
140740,2,01/12/2020,01/01/2021,1
141056,2,01/04/2019,01/05/2019,1
141058,2,01/04/2019,01/05/2019,1
141059,2,01/04/2019,01/05/2019,1
141090,2,01/04/2019,01/05/2019,1
141131,2,01/04/2019,01/05/2019,1
141168,2,01/04/2019,01/05/2019,1
141338,2,01/07/2019,01/08/2019,1
141458,2,01/06/2019,01/07/2019,1
141460,2,01/06/2019,01/07/2019,1
141466,2,01/06/2019,01/07/2019,1
141548,2,01/05/2019,01/06/2019,1
141611,2,01/04/2021,01/05/2021,1
151725,2,01/01/2020,01/02/2020,1
151730,2,01/05/2019,01/06/2019,1
151766,2,01/04/2019,01/05/2019,1
151784,1,01/05/2019,01/06/2019,1
151793,2,01/05/2019,01/06/2019,1
151794,2,01/04/2019,01/05/2019,1
151800,2,01/02/2020,01/03/2020,1
151802,2,01/02/2020,01/03/2020,1
151823,2,01/06/2019,01/07/2019,1
151832,2,01/02/2020,01/03/2020,1
151840,2,01/02/2020,01/03/2020,1
151862,2,01/04/2019,01/05/2019,1
151868,2,01/06/2019,01/07/2019,1
151879,2,01/06/2019,01/07/2019,1
151884,2,01/09/2019,01/10/2019,1
151893,2,01/06/2019,01/07/2019,1
151894,2,01/06/2019,01/07/2019,1
151895,2,01/06/2019,01/07/2019,1
151903,2,01/06/2019,01/07/2019,1
151904,2,01/07/2019,01/08/2019,1
151906,2,01/06/2019,01/07/2019,1
151907,2,01/06/2019,01/07/2019,1
151909,2,01/06/2019,01/07/2019,1
151914,2,01/05/2019,01/06/2019,1
151963,2,01/09/2019,01/10/2019,1
151977,2,01/07/2019,01/08/2019,1
151978,2,01/06/2019,01/07/2019,1
151984,2,01/08/2019,01/09/2019,1
152002,2,01/10/2019,01/11/2019,1
152007,2,01/08/2019,01/09/2019,1
152140,2,01/09/2019,01/10/2019,1
162152,2,01/03/2020,01/04/2020,1
162157,2,01/09/2019,01/10/2019,1
162164,2,01/09/2019,01/10/2019,1
162165,2,01/09/2019,01/10/2019,1
162170,2,01/09/2019,01/10/2019,1
162172,2,01/09/2019,01/10/2019,1
162204,2,01/09/2019,01/10/2019,1
162224,2,01/09/2019,01/10/2019,1
162225,2,01/09/2019,01/10/2019,1
162231,2,01/09/2019,01/10/2019,1
162239,2,01/09/2019,01/10/2019,1
162316,2,01/10/2019,01/11/2019,1
162317,2,01/09/2019,01/10/2019,1
162346,2,01/02/2020,01/03/2020,1
162354,2,01/11/2020,01/12/2020,1
162360,2,01/01/2020,01/02/2020,1
162366,2,01/11/2019,01/12/2019,1
162435,2,01/03/2020,01/04/2020,1
162443,2,01/02/2020,01/03/2020,1
162485,2,01/03/2020,01/04/2020,1
162488,2,01/04/2020,01/05/2020,1
162489,2,01/03/2020,01/04/2020,1
162525,2,01/05/2020,01/06/2020,1
162528,2,01/05/2020,01/06/2020,1
162567,2,01/04/2020,01/05/2020,1
162603,2,01/05/2020,01/06/2020,1
162615,2,01/04/2020,01/05/2020,1
162630,2,01/04/2020,01/05/2020,1
162643,2,01/04/2021,01/05/2021,1
162646,2,01/04/2020,01/05/2020,1
162669,2,01/06/2020,01/07/2020,1
162678,2,01/09/2020,01/10/2020,1
162680,2,01/04/2020,01/05/2020,1
162683,1,01/04/2022,01/05/2022,1
162684,2,01/07/2020,01/08/2020,1
162706,2,01/01/2021,01/02/2021,1
162708,2,01/06/2020,01/07/2020,1
162711,2,01/11/2020,01/12/2020,1
162712,2,01/10/2020,01/11/2020,1
162733,2,01/07/2020,01/08/2020,1
162765,2,01/08/2020,01/09/2020,1
162786,2,01/02/2021,01/03/2021,1
162858,2,01/12/2020,01/01/2021,1
162862,2,01/06/2021,01/07/2021,1
162892,2,01/01/2021,01/02/2021,1
162893,2,01/12/2020,01/01/2021,1
162913,2,01/10/2020,01/11/2020,1
162914,2,01/09/2020,01/10/2020,1
162918,2,01/10/2020,01/11/2020,1
162939,2,01/09/2020,01/10/2020,1
162959,2,01/09/2020,01/10/2020,1
163017,2,01/11/2020,01/12/2020,1
163021,2,01/09/2020,01/10/2020,1
163027,2,01/11/2020,01/12/2020,1
163030,2,01/12/2020,01/01/2021,1
163072,2,01/12/2020,01/01/2021,1
163080,2,01/11/2020,01/12/2020,1
163083,2,01/11/2020,01/12/2020,1
163120,2,01/06/2021,01/07/2021,1
163128,2,01/01/2021,01/02/2021,1
163129,2,01/02/2021,01/03/2021,1
163131,2,01/09/2021,01/10/2021,1
163149,2,01/11/2020,01/12/2020,1
163157,2,01/12/2021,01/01/2022,1
163176,2,01/12/2020,01/01/2021,1
163186,2,01/03/2021,01/04/2021,1
163204,2,01/03/2021,01/04/2021,1
163208,2,01/04/2021,01/05/2021,1
163268,2,01/04/2021,01/05/2021,1
163293,2,01/07/2021,01/08/2021,1
163303,2,01/07/2021,01/08/2021,1
163306,2,01/07/2021,01/08/2021,1
163312,2,01/07/2021,01/08/2021,1
163346,2,01/05/2021,01/06/2021,1
163352,2,01/05/2021,01/06/2021,1
163362,2,01/02/2022,01/03/2022,1
163365,2,01/02/2022,01/03/2022,1
163366,2,01/06/2021,01/07/2021,1
163368,2,01/11/2021,01/12/2021,1
163374,2,01/02/2022,01/03/2022,1
163375,2,01/11/2021,01/12/2021,1
163474,2,01/12/2021,01/01/2022,1
163477,2,01/12/2021,01/01/2022,1
163489,2,01/12/2021,01/01/2022,1
163490,2,01/09/2021,01/10/2021,1
163500,2,01/12/2021,01/01/2022,1
163507,2,01/09/2021,01/10/2021,1
163508,2,01/12/2021,01/01/2022,1
163531,2,01/10/2021,01/11/2021,1
163550,2,01/11/2021,01/12/2021,1
163553,1,01/04/2022,01/05/2022,1
163557,2,01/11/2021,01/12/2021,1
163590,2,01/12/2021,01/01/2022,1
163599,2,01/01/2022,01/02/2022,1
163609,2,01/01/2022,01/02/2022,1
163610,2,01/01/2022,01/02/2022,1
163630,2,01/12/2021,01/01/2022,1
163642,2,01/02/2022,01/03/2022,1
163650,1,01/04/2022,01/05/2022,1
163677,1,01/04/2022,01/05/2022,1
163742,1,01/04/2022,01/05/2022,1
163765,1,01/04/2022,01/05/2022,1
163828,1,01/04/2022,01/05/2022,1
120850,1,01/09/2019,01/09/2019,0
122072,1,01/10/2019,01/10/2019,0
122987,1,01/04/2020,01/04/2020,0
123815,1,01/04/2019,01/04/2019,0
124174,1,01/04/2019,01/04/2019,0
124726,1,01/01/2021,01/01/2021,0
130303,1,01/09/2019,01/09/2019,0
131654,1,01/08/2019,01/08/2019,0
132049,1,01/04/2021,01/04/2021,0
132064,1,01/01/2020,01/01/2020,0
132316,1,01/12/2021,01/12/2021,0
132377,1,01/03/2021,01/03/2021,0
132447,1,01/01/2022,01/01/2022,0
132465,1,01/12/2021,01/12/2021,0
132790,1,01/01/2020,01/01/2020,0
132910,1,01/09/2021,01/09/2021,0
133091,1,01/09/2019,01/09/2019,0
133267,1,01/03/2021,01/03/2021,0
133742,1,01/05/2020,01/05/2020,0
133959,1,01/04/2019,01/04/2019,0
133969,1,01/04/2019,01/04/2019,0
134133,1,01/02/2020,01/02/2020,0
134219,1,01/06/2019,01/06/2019,0
134226,1,01/09/2021,01/09/2021,0
134240,1,01/09/2019,01/09/2019,0
134454,1,01/04/2021,01/04/2021,0
134590,1,01/07/2019,01/07/2019,0
134626,1,01/06/2019,01/06/2019,0
134635,1,01/04/2020,01/04/2020,0
134686,1,01/01/2022,01/01/2022,0
134757,1,01/07/2021,01/07/2021,0
138146,1,01/04/2019,01/04/2019,0
138215,1,01/05/2021,01/05/2021,0
138320,1,01/09/2019,01/09/2019,0
138725,1,01/11/2019,01/11/2019,0
139261,1,01/07/2019,01/07/2019,0
139291,1,01/09/2019,01/09/2019,0
139314,1,01/04/2019,01/04/2019,0
139330,1,01/04/2019,01/04/2019,0
139341,1,01/12/2019,01/12/2019,0
139504,1,01/04/2019,01/04/2019,0
139559,1,01/11/2020,01/11/2020,0
139936,1,01/08/2019,01/08/2019,0
140483,1,01/04/2019,01/04/2019,0
140494,1,01/04/2019,01/04/2019,0
140496,1,01/05/2019,01/05/2019,0
140497,1,01/04/2019,01/04/2019,0
140498,1,01/04/2019,01/04/2019,0
140500,1,01/07/2019,01/07/2019,0
140506,1,01/04/2019,01/04/2019,0
140529,1,01/07/2019,01/07/2019,0
140589,1,01/08/2019,01/08/2019,0
140595,1,01/04/2019,01/04/2019,0
140596,1,01/05/2019,01/05/2019,0
140656,1,01/04/2019,01/04/2019,0
140664,1,01/04/2019,01/04/2019,0
140700,1,01/06/2019,01/06/2019,0
140709,1,01/06/2019,01/06/2019,0
140710,1,01/06/2019,01/06/2019,0
140725,1,01/04/2019,01/04/2019,0
140739,1,01/12/2020,01/12/2020,0
140813,1,01/10/2019,01/10/2019,0
140890,1,01/05/2019,01/05/2019,0
140894,1,01/05/2019,01/05/2019,0
140902,1,01/08/2019,01/08/2019,0
140905,1,01/08/2019,01/08/2019,0
141047,1,01/04/2019,01/04/2019,0
141066,1,01/09/2019,01/09/2019,0
141070,1,01/12/2021,01/12/2021,0
141083,1,01/06/2019,01/06/2019,0
141088,1,01/09/2020,01/09/2020,0
141091,1,01/04/2019,01/04/2019,0
141096,1,01/04/2019,01/04/2019,0
141106,1,01/04/2019,01/04/2019,0
141108,1,01/06/2019,01/06/2019,0
141109,1,01/06/2019,01/06/2019,0
141114,1,01/06/2019,01/06/2019,0
141120,1,01/04/2019,01/04/2019,0
141141,1,01/09/2020,01/09/2020,0
141142,1,01/07/2019,01/07/2019,0
141164,1,01/07/2019,01/07/2019,0
141172,1,01/04/2019,01/04/2019,0
141182,1,01/05/2019,01/05/2019,0
141185,1,01/04/2019,01/04/2019,0
141186,1,01/04/2019,01/04/2019,0
141187,1,01/09/2019,01/09/2019,0
141190,1,01/06/2019,01/06/2019,0
141191,1,01/08/2019,01/08/2019,0
141193,1,01/09/2019,01/09/2019,0
141202,1,01/06/2019,01/06/2019,0
141212,1,01/04/2019,01/04/2019,0
141213,1,01/04/2019,01/04/2019,0
141217,1,01/06/2019,01/06/2019,0
141226,1,01/04/2019,01/04/2019,0
141230,1,01/08/2019,01/08/2019,0
141238,1,01/04/2019,01/04/2019,0
141243,1,01/04/2019,01/04/2019,0
141246,1,01/04/2019,01/04/2019,0
141257,1,01/06/2019,01/06/2019,0
141265,1,01/04/2019,01/04/2019,0
141270,1,01/04/2019,01/04/2019,0
141336,1,01/06/2019,01/06/2019,0
141341,1,01/05/2019,01/05/2019,0
141344,1,01/04/2019,01/04/2019,0
141423,1,01/05/2019,01/05/2019,0
141431,1,01/04/2019,01/04/2019,0
141432,1,01/04/2019,01/04/2019,0
141434,1,01/05/2019,01/05/2019,0
141436,1,01/05/2019,01/05/2019,0
141441,1,01/05/2019,01/05/2019,0
141448,1,01/05/2019,01/05/2019,0
141459,1,01/06/2019,01/06/2019,0
141462,1,01/04/2019,01/04/2019,0
141465,1,01/05/2019,01/05/2019,0
141469,1,01/01/2021,01/01/2021,0
141513,1,01/04/2019,01/04/2019,0
141515,1,01/04/2019,01/04/2019,0
141516,1,01/04/2019,01/04/2019,0
141517,1,01/06/2019,01/06/2019,0
141521,1,01/04/2019,01/04/2019,0
141524,1,01/04/2019,01/04/2019,0
141533,1,01/11/2019,01/11/2019,0
141534,1,01/04/2019,01/04/2019,0
141536,1,01/04/2019,01/04/2019,0
141539,1,01/04/2019,01/04/2019,0
141541,1,01/04/2019,01/04/2019,0
141545,1,01/04/2019,01/04/2019,0
141547,1,01/04/2019,01/04/2019,0
141549,1,01/04/2019,01/04/2019,0
141553,1,01/04/2019,01/04/2019,0
141562,1,01/04/2019,01/04/2019,0
141592,1,01/04/2019,01/04/2019,0
141596,1,01/04/2019,01/04/2019,0
141599,1,01/04/2019,01/04/2019,0
141600,1,01/04/2019,01/04/2019,0
141603,1,01/04/2019,01/04/2019,0
141604,1,01/04/2019,01/04/2019,0
141622,1,01/04/2019,01/04/2019,0
141639,1,01/04/2019,01/04/2019,0
141642,1,01/09/2020,01/09/2020,0
141645,1,01/06/2019,01/06/2019,0
141646,1,01/09/2019,01/09/2019,0
141647,1,01/06/2019,01/06/2019,0
141650,1,01/06/2019,10/06/2019,0
141651,1,01/06/2019,10/06/2019,0
151679,1,01/04/2019,01/04/2019,0
151686,1,01/05/2019,01/05/2019,0
151687,1,01/04/2019,01/04/2019,0
151689,1,01/04/2019,01/04/2019,0
151691,1,01/04/2019,01/04/2019,0
151692,1,01/04/2019,01/04/2019,0
151693,1,01/04/2019,01/04/2019,0
151695,1,01/07/2019,01/07/2019,0
151697,1,01/06/2019,01/06/2019,0
151703,1,01/01/2022,01/01/2022,0
151706,1,01/04/2019,01/04/2019,0
151707,1,01/04/2019,01/04/2019,0
151709,1,01/04/2019,01/04/2019,0
151710,1,01/06/2019,01/06/2019,0
151711,1,01/04/2019,01/04/2019,0
151716,1,01/02/2021,01/02/2021,0
151718,1,01/04/2019,01/04/2019,0
151719,1,01/09/2020,01/09/2020,0
151721,1,01/05/2019,01/05/2019,0
151722,1,01/04/2019,01/04/2019,0
151723,1,01/04/2019,01/04/2019,0
151724,1,01/04/2019,01/04/2019,0
151732,1,01/04/2019,01/04/2019,0
151733,1,01/04/2020,01/04/2020,0
151759,1,01/04/2019,01/04/2019,0
151760,1,01/04/2019,01/04/2019,0
151761,1,01/07/2020,01/07/2020,0
151762,1,01/04/2019,01/04/2019,0
151763,1,01/04/2019,01/04/2019,0
151764,1,01/04/2019,01/04/2019,0
151765,1,01/04/2019,01/04/2019,0
151768,1,01/04/2019,01/04/2019,0
151770,1,01/07/2019,01/07/2019,0
151772,1,01/04/2019,01/04/2019,0
151773,1,01/06/2019,01/06/2019,0
151774,1,01/04/2019,01/04/2019,0
151777,1,01/11/2019,01/11/2019,0
151783,1,01/06/2019,01/06/2019,0
151785,1,01/04/2019,01/04/2019,0
151786,1,01/04/2019,01/04/2019,0
151789,1,01/07/2019,01/07/2019,0
151790,1,01/09/2019,01/09/2019,0
151792,1,01/05/2019,01/05/2019,0
151795,1,01/10/2019,01/10/2019,0
151798,1,01/09/2019,01/09/2019,0
151799,1,01/05/2019,01/05/2019,0
151801,1,01/09/2019,01/09/2019,0
151803,1,01/10/2019,01/10/2019,0
151804,1,01/04/2019,01/04/2019,0
151805,1,01/10/2019,01/10/2019,0
151806,1,01/06/2019,01/06/2019,0
151808,1,01/09/2019,01/09/2019,0
151809,1,01/09/2019,01/09/2019,0
151810,1,01/05/2019,01/05/2019,0
151811,1,01/09/2019,01/09/2019,0
151812,1,01/04/2019,01/04/2019,0
151814,1,01/09/2019,01/09/2019,0
151815,1,01/09/2019,01/09/2019,0
151816,1,01/09/2019,01/09/2019,0
151817,1,01/04/2019,01/04/2019,0
151819,1,01/06/2019,01/06/2019,0
151820,1,01/04/2019,01/04/2019,0
151821,1,01/09/2019,01/09/2019,0
151822,1,01/09/2019,01/09/2019,0
151827,1,01/04/2019,01/04/2019,0
151828,1,01/10/2020,01/10/2020,0
151830,1,01/09/2019,01/09/2019,0
151831,1,01/04/2019,01/04/2019,0
151834,1,01/10/2021,01/10/2021,0
151835,1,01/05/2019,01/05/2019,0
151836,1,01/04/2019,01/04/2019,0
151838,1,01/04/2019,01/04/2019,0
151841,1,01/04/2019,01/04/2019,0
151842,1,01/04/2019,01/04/2019,0
151843,1,01/04/2019,01/04/2019,0
151845,1,01/07/2019,01/07/2019,0
151847,1,01/12/2019,01/12/2019,0
151848,1,01/04/2019,01/04/2019,0
151849,1,01/04/2019,01/04/2019,0
151850,1,01/04/2019,01/04/2019,0
151851,1,01/05/2019,01/05/2019,0
151852,1,01/07/2019,01/07/2019,0
151854,1,01/09/2019,01/09/2019,0
151856,1,01/09/2019,01/09/2019,0
151858,1,01/04/2019,01/04/2019,0
151859,1,01/09/2019,01/09/2019,0
151860,1,01/10/2019,01/10/2019,0
151861,1,01/03/2021,01/03/2021,0
151863,1,01/04/2019,01/04/2019,0
151864,1,01/05/2019,01/05/2019,0
151865,1,01/04/2019,01/04/2019,0
151866,1,01/09/2019,01/09/2019,0
151867,1,01/09/2019,01/09/2019,0
151875,1,01/09/2019,01/09/2019,0
151876,1,01/06/2019,01/06/2019,0
151877,1,01/09/2019,01/09/2019,0
151880,1,01/09/2019,01/09/2019,0
151881,1,01/08/2019,01/08/2019,0
151883,1,01/07/2019,01/07/2019,0
151886,1,01/09/2019,01/09/2019,0
151887,1,01/06/2019,01/06/2019,0
151888,1,01/09/2019,01/09/2019,0
151889,1,01/06/2019,01/06/2019,0
151890,1,01/09/2019,01/09/2019,0
151891,1,01/09/2019,01/09/2019,0
151892,1,01/07/2019,01/07/2019,0
151896,1,01/12/2021,01/12/2021,0
151900,1,01/09/2019,01/09/2019,0
151902,1,01/06/2019,01/06/2019,0
151905,1,01/09/2019,01/09/2019,0
151910,1,01/09/2019,01/09/2019,0
151911,1,01/08/2019,01/08/2019,0
151912,1,01/09/2019,01/09/2019,0
151913,1,01/09/2019,01/09/2019,0
151915,1,01/12/2020,01/12/2020,0
151917,1,01/07/2019,01/07/2019,0
151918,1,01/09/2019,01/09/2019,0
151919,1,01/09/2019,01/09/2019,0
151958,1,01/07/2019,01/07/2019,0
151959,1,01/06/2019,01/06/2019,0
151960,1,01/06/2019,01/06/2019,0
151961,1,01/07/2019,01/07/2019,0
151962,1,01/07/2019,01/07/2019,0
151964,1,01/06/2019,01/06/2019,0
151965,1,01/09/2019,01/09/2019,0
151966,1,01/06/2019,01/06/2019,0
151967,1,01/07/2019,01/07/2019,0
151968,1,01/07/2019,01/07/2019,0
151970,1,01/07/2019,01/07/2019,0
151971,1,01/04/2020,01/04/2020,0
151972,1,01/10/2019,01/10/2019,0
151973,1,01/07/2019,01/07/2019,0
151974,1,01/06/2019,01/06/2019,0
151975,1,01/06/2019,01/06/2019,0
151979,1,01/10/2019,01/10/2019,0
151983,1,01/07/2019,01/07/2019,0
151986,1,01/07/2019,01/07/2019,0
151987,1,01/09/2019,01/09/2019,0
151988,1,01/09/2019,01/09/2019,0
151989,1,01/10/2019,01/10/2019,0
151991,1,01/07/2019,01/07/2019,0
151992,1,01/07/2019,01/07/2019,0
151995,1,01/11/2019,01/11/2019,0
152004,1,01/12/2019,01/12/2019,0
152006,1,01/08/2019,01/08/2019,0
152010,1,01/11/2019,01/11/2019,0
152014,1,01/12/2019,01/12/2019,0
152015,1,01/08/2019,01/08/2019,0
152016,1,01/08/2019,01/08/2019,0
152017,1,01/08/2019,01/08/2019,0
152018,1,01/08/2019,01/08/2019,0
152019,1,01/08/2019,01/08/2019,0
152020,1,01/09/2019,01/09/2019,0
152021,1,01/08/2019,01/08/2019,0
152022,1,01/04/2020,01/04/2020,0
152023,1,01/07/2019,01/07/2019,0
152024,1,01/07/2019,01/07/2019,0
152025,1,01/07/2019,01/07/2019,0
152090,1,01/04/2020,01/04/2020,0
152135,1,01/09/2019,01/09/2019,0
152138,1,01/09/2019,01/09/2019,0
152143,1,01/09/2019,01/09/2019,0
152144,1,01/07/2020,01/07/2020,0
152145,1,01/09/2019,01/09/2019,0
152146,1,01/09/2019,01/09/2019,0
162145,1,01/09/2019,01/09/2019,0
162146,1,01/09/2019,01/09/2019,0
162151,1,01/09/2019,01/09/2019,0
162154,1,01/02/2020,01/02/2020,0
162156,1,01/09/2019,01/09/2019,0
162158,1,01/09/2019,01/09/2019,0
162160,1,01/09/2019,01/09/2019,0
162167,1,01/09/2019,01/09/2019,0
162168,1,01/09/2021,01/09/2021,0
162169,1,01/09/2019,01/09/2019,0
162171,1,01/11/2019,01/11/2019,0
162180,1,01/11/2019,01/11/2019,0
162181,1,01/09/2019,01/09/2019,0
162183,1,01/09/2019,01/09/2019,0
162184,1,01/11/2019,01/11/2019,0
162185,1,01/09/2019,01/09/2019,0
162187,1,01/09/2019,01/09/2019,0
162188,1,01/09/2019,01/09/2019,0
162190,1,01/09/2019,01/09/2019,0
162192,1,01/06/2021,01/06/2021,0
162194,1,01/09/2019,01/09/2019,0
162196,1,01/09/2019,01/09/2019,0
162197,1,01/09/2019,01/09/2019,0
162198,1,01/09/2019,01/09/2019,0
162201,1,01/04/2021,01/04/2021,0
162203,1,01/09/2019,01/09/2019,0
162207,1,01/09/2019,01/09/2019,0
162208,1,01/09/2019,01/09/2019,0
162209,1,01/11/2019,01/11/2019,0
162210,1,01/09/2019,01/09/2019,0
162211,1,01/09/2019,01/09/2019,0
162212,1,01/09/2020,01/09/2020,0
162217,1,01/09/2019,01/09/2019,0
162218,1,01/09/2019,01/09/2019,0
162219,1,01/09/2019,01/09/2019,0
162220,1,01/09/2019,01/09/2019,0
162222,1,01/09/2019,01/09/2019,0
162227,1,01/09/2019,01/09/2019,0
162228,1,01/09/2019,01/09/2019,0
162229,1,01/09/2019,01/09/2019,0
162230,1,01/09/2019,01/09/2019,0
162232,1,01/09/2019,01/09/2019,0
162233,1,01/09/2019,01/09/2019,0
162236,1,01/09/2019,01/09/2019,0
162240,1,01/09/2019,01/09/2019,0
162242,1,01/09/2019,01/09/2019,0
162243,1,01/09/2019,01/09/2019,0
162244,1,01/09/2019,01/09/2019,0
162246,1,01/09/2019,01/09/2019,0
162247,1,01/11/2019,01/11/2019,0
162248,1,01/09/2019,01/09/2019,0
162252,1,01/09/2019,01/09/2019,0
162253,1,01/12/2019,01/12/2019,0
162254,1,01/09/2019,01/09/2019,0
162255,1,01/09/2019,01/09/2019,0
162256,1,01/09/2019,01/09/2019,0
162277,1,01/10/2019,01/10/2019,0
162279,1,01/02/2020,01/02/2020,0
162282,1,01/04/2020,01/04/2020,0
162283,1,01/12/2019,01/12/2019,0
162284,1,01/10/2019,01/10/2019,0
162285,1,01/12/2019,01/12/2019,0
162287,1,01/04/2020,01/04/2020,0
162288,1,01/09/2019,01/09/2019,0
162289,1,01/04/2020,01/04/2020,0
162291,1,01/11/2019,01/11/2019,0
162292,1,01/10/2019,01/10/2019,0
162293,1,01/10/2019,01/10/2019,0
162294,1,01/11/2019,01/11/2019,0
162295,1,01/10/2019,01/10/2019,0
162296,1,01/03/2020,01/03/2020,0
162300,1,01/10/2019,01/10/2019,0
162301,1,01/10/2019,01/10/2019,0
162303,1,01/04/2020,01/04/2020,0
162304,1,01/04/2020,01/04/2020,0
162305,1,01/02/2020,01/02/2020,0
162306,1,01/10/2019,01/10/2019,0
162307,1,01/11/2019,01/11/2019,0
162311,1,01/10/2019,01/10/2019,0
162312,1,01/01/2021,01/01/2021,0
162313,1,01/09/2019,01/09/2019,0
162314,1,01/12/2019,01/12/2019,0
162319,1,01/12/2019,01/12/2019,0
162320,1,01/10/2019,01/10/2019,0
162345,1,01/10/2019,01/10/2019,0
162347,1,01/12/2019,01/12/2019,0
162349,1,01/11/2019,01/11/2019,0
162350,1,01/12/2020,01/12/2020,0
162351,1,01/04/2020,01/04/2020,0
162352,1,01/04/2020,01/04/2020,0
162353,1,01/04/2020,01/04/2020,0
162355,1,01/11/2019,01/11/2019,0
162356,1,01/02/2020,01/02/2020,0
162358,1,01/11/2019,01/11/2019,0
162359,1,01/10/2019,01/10/2019,0
162362,1,01/11/2019,01/11/2019,0
162364,1,01/02/2020,01/02/2020,0
162365,1,01/11/2019,01/11/2019,0
162367,1,01/12/2019,01/12/2019,0
162369,1,01/11/2019,01/11/2019,0
162370,1,01/11/2019,01/11/2019,0
162372,1,01/11/2019,01/11/2019,0
162373,1,01/11/2019,01/11/2019,0
162374,1,01/11/2019,01/11/2019,0
162375,1,01/12/2019,01/12/2019,0
162416,1,01/12/2019,01/12/2019,0
162417,1,01/03/2020,01/03/2020,0
162418,1,01/03/2020,01/03/2020,0
162419,1,01/12/2019,01/12/2019,0
162420,1,01/02/2020,01/02/2020,0
162421,1,01/11/2020,01/11/2020,0
162422,1,01/02/2020,01/02/2020,0
162423,1,01/04/2020,01/04/2020,0
162424,1,01/03/2020,01/03/2020,0
162430,1,01/06/2020,01/06/2020,0
162433,1,01/12/2019,01/12/2019,0
162437,1,01/03/2020,01/03/2020,0
162438,1,01/05/2020,01/05/2020,0
162439,1,01/05/2020,01/05/2020,0
162440,1,01/05/2020,01/05/2020,0
162441,1,01/05/2020,01/05/2020,0
162442,1,01/05/2020,01/05/2020,0
162444,1,01/06/2020,01/06/2020,0
162445,1,01/02/2021,01/02/2021,0
162447,1,01/06/2020,01/06/2020,0
162449,1,01/08/2020,01/08/2020,0
162450,1,01/09/2020,01/09/2020,0
162472,1,01/12/2019,01/12/2019,0
162475,1,01/05/2020,01/05/2020,0
162476,1,01/02/2020,01/02/2020,0
162477,1,01/12/2020,01/12/2020,0
162478,1,01/03/2020,01/03/2020,0
162480,1,01/02/2020,01/02/2020,0
162482,1,01/04/2020,01/04/2020,0
162484,1,01/02/2020,01/02/2020,0
162487,1,01/04/2020,01/04/2020,0
162492,1,01/02/2020,01/02/2020,0
162516,1,01/03/2020,01/03/2020,0
162519,1,01/07/2020,01/07/2020,0
162520,1,01/02/2020,01/02/2020,0
162526,1,01/02/2020,01/02/2020,0
162534,1,01/01/2021,01/01/2021,0
162535,1,01/04/2020,01/04/2020,0
162536,1,01/04/2020,01/04/2020,0
162558,1,01/04/2020,01/04/2020,0
162559,1,01/03/2020,01/03/2020,0
162562,1,01/05/2021,01/05/2021,0
162563,1,01/03/2020,01/03/2020,0
162568,1,01/04/2020,01/04/2020,0
162569,1,01/09/2021,01/09/2021,0
162570,1,01/04/2020,01/04/2020,0
162571,1,01/03/2020,01/03/2020,0
162572,1,01/09/2021,01/09/2021,0
162573,1,01/04/2020,01/04/2020,0
162575,1,01/04/2020,01/04/2020,0
162576,1,01/07/2020,01/07/2020,0
162578,1,01/05/2021,01/05/2021,0
162581,1,01/05/2021,01/05/2021,0
162582,1,01/05/2021,01/05/2021,0
162594,1,01/05/2020,01/05/2020,0
162595,1,01/11/2020,01/11/2020,0
162597,1,01/09/2021,01/09/2021,0
162599,1,01/05/2020,01/05/2020,0
162600,1,01/04/2021,01/04/2021,0
162601,1,01/05/2020,01/05/2020,0
162605,1,01/11/2020,01/11/2020,0
162606,1,01/05/2020,01/05/2020,0
162609,1,01/04/2020,01/04/2020,0
162610,1,01/01/2021,01/01/2021,0
162611,1,01/01/2021,01/01/2021,0
162612,1,01/01/2021,01/01/2021,0
162616,1,01/04/2020,01/04/2020,0
162619,1,01/09/2020,01/09/2020,0
162620,1,01/09/2020,01/09/2020,0
162622,1,01/09/2021,01/09/2021,0
162623,1,01/03/2020,01/03/2020,0
162624,1,01/04/2020,01/04/2020,0
162625,1,01/04/2020,01/04/2020,0
162627,1,01/04/2020,01/04/2020,0
162628,1,01/09/2021,01/09/2021,0
162629,1,01/06/2020,01/06/2020,0
162634,1,01/12/2020,01/12/2020,0
162635,1,01/10/2020,01/10/2020,0
162636,1,01/10/2020,01/10/2020,0
162637,1,01/11/2020,01/11/2020,0
162638,1,01/04/2020,01/04/2020,0
162639,1,01/11/2020,01/11/2020,0
162640,1,01/09/2020,01/09/2020,0
162642,1,01/06/2020,01/06/2020,0
162644,1,01/04/2020,01/04/2020,0
162647,1,01/09/2020,01/09/2020,0
162671,1,01/09/2020,01/09/2020,0
162672,1,01/04/2020,01/04/2020,0
162673,1,01/12/2020,01/12/2020,0
162674,1,01/04/2020,01/04/2020,0
162675,1,01/10/2020,01/10/2020,0
162676,1,01/11/2020,01/11/2020,0
162681,1,01/04/2022,01/04/2022,0
162682,1,01/06/2021,01/06/2021,0
162688,1,01/07/2020,01/07/2020,0
162689,1,01/11/2020,01/11/2020,0
162705,1,01/09/2020,01/09/2020,0
162707,1,01/04/2021,01/04/2021,0
162709,1,01/02/2021,01/02/2021,0
162710,1,01/09/2020,01/09/2020,0
162714,1,01/07/2020,01/07/2020,0
162715,1,01/02/2021,01/02/2021,0
162716,1,01/03/2021,01/03/2021,0
162718,1,01/09/2021,01/09/2021,0
162719,1,01/02/2021,01/02/2021,0
162721,1,01/12/2020,01/12/2020,0
162722,1,01/09/2021,01/09/2021,0
162723,1,01/04/2021,01/04/2021,0
162728,1,01/02/2021,01/02/2021,0
162730,1,01/02/2021,01/02/2021,0
162734,1,01/10/2020,01/10/2020,0
162735,1,01/07/2020,01/07/2020,0
162755,1,01/07/2020,01/07/2020,0
162757,1,01/11/2020,01/11/2020,0
162759,1,01/09/2020,01/09/2020,0
162760,1,01/03/2021,01/03/2021,0
162761,1,01/07/2020,01/07/2020,0
162764,1,01/07/2020,01/07/2020,0
162767,1,01/02/2021,01/02/2021,0
162782,1,01/12/2020,01/12/2020,0
162783,1,01/12/2020,01/12/2020,0
162785,1,01/09/2020,01/09/2020,0
162807,1,01/04/2021,01/04/2021,0
162823,1,01/01/2021,01/01/2021,0
162830,1,01/04/2021,01/04/2021,0
162844,1,01/09/2020,01/09/2020,0
162846,1,01/11/2020,01/11/2020,0
162847,1,01/01/2021,01/01/2021,0
162850,1,01/04/2021,01/04/2021,0
162852,1,01/11/2020,01/11/2020,0
162856,1,01/01/2021,01/01/2021,0
162857,1,01/01/2021,01/01/2021,0
162859,1,01/04/2021,01/04/2021,0
162878,1,01/09/2021,01/09/2021,0
162879,1,01/09/2020,01/09/2020,0
162880,1,01/04/2021,01/04/2021,0
162881,1,01/04/2021,01/04/2021,0
162882,1,01/04/2021,01/04/2021,0
162883,1,01/05/2021,01/05/2021,0
162884,1,01/12/2021,01/12/2021,0
162885,1,01/11/2020,01/11/2020,0
162888,1,01/02/2021,01/02/2021,0
162895,1,01/09/2020,01/09/2020,0
162896,1,01/07/2020,01/07/2020,0
162897,1,01/09/2020,01/09/2020,0
162911,1,01/11/2020,01/11/2020,0
162912,1,01/09/2020,01/09/2020,0
162915,1,01/09/2020,01/09/2020,0
162919,1,01/02/2021,01/02/2021,0
162920,1,01/01/2021,01/01/2021,0
162921,1,01/01/2021,01/01/2021,0
162923,1,01/10/2020,01/10/2020,0
162927,1,01/01/2021,01/01/2021,0
162929,1,01/09/2020,01/09/2020,0
162933,1,01/10/2020,01/10/2020,0
162935,1,01/09/2020,01/09/2020,0
162936,1,01/03/2021,01/03/2021,0
162942,1,01/09/2021,01/09/2021,0
162947,1,01/03/2021,01/03/2021,0
162951,1,01/03/2021,01/03/2021,0
162952,1,01/04/2021,01/04/2021,0
162956,1,01/04/2021,01/04/2021,0
162958,1,01/12/2020,01/12/2020,0
162960,1,01/04/2021,01/04/2021,0
163009,1,01/12/2020,01/12/2020,0
163010,1,01/12/2020,01/12/2020,0
163011,1,01/09/2020,01/09/2020,0
163013,1,01/01/2021,01/01/2021,0
163014,1,01/01/2021,01/01/2021,0
163015,1,01/12/2020,01/12/2020,0
163016,1,01/12/2020,01/12/2020,0
163018,1,01/02/2021,01/02/2021,0
163019,1,01/11/2020,01/11/2020,0
163020,1,01/11/2020,01/11/2020,0
163022,1,01/11/2020,01/11/2020,0
163024,1,01/11/2020,01/11/2020,0
163025,1,01/11/2020,01/11/2020,0
163031,1,01/12/2020,01/12/2020,0
163032,1,01/12/2020,01/12/2020,0
163061,1,01/10/2020,01/10/2020,0
163062,1,01/12/2020,01/12/2020,0
163063,1,01/04/2021,01/04/2021,0
163064,1,01/12/2020,01/12/2020,0
163065,1,01/12/2020,01/12/2020,0
163066,1,01/01/2021,01/01/2021,0
163068,1,01/12/2020,01/12/2020,0
163069,1,01/12/2020,01/12/2020,0
163070,1,01/12/2020,01/12/2020,0
163071,1,01/12/2020,01/12/2020,0
163073,1,01/12/2020,01/12/2020,0
163074,1,01/04/2021,01/04/2021,0
163075,1,01/12/2020,01/12/2020,0
163076,1,01/03/2021,01/03/2021,0
163077,1,01/04/2021,01/04/2021,0
163078,1,01/02/2021,01/02/2021,0
163079,1,01/12/2020,01/12/2020,0
163081,1,01/12/2020,01/12/2020,0
163082,1,01/12/2020,01/12/2020,0
163084,1,01/04/2021,01/04/2021,0
163085,1,01/02/2021,01/02/2021,0
163086,1,01/12/2020,01/12/2020,0
163088,1,01/01/2021,01/01/2021,0
163109,1,01/09/2021,01/09/2021,0
163110,1,01/01/2021,01/01/2021,0
163112,1,01/01/2021,01/01/2021,0
163114,1,01/12/2020,01/12/2020,0
163115,1,01/12/2020,01/12/2020,0
163116,1,01/01/2021,01/01/2021,0
163117,1,01/01/2021,01/01/2021,0
163121,1,01/01/2021,01/01/2021,0
163124,1,01/01/2021,01/01/2021,0
163125,1,01/04/2021,01/04/2021,0
163126,1,01/04/2021,01/04/2021,0
163127,1,01/01/2021,01/01/2021,0
163132,1,01/01/2021,01/01/2021,0
163133,1,01/05/2021,01/05/2021,0
163134,1,01/02/2021,01/02/2021,0
163136,1,01/12/2020,01/12/2020,0
163137,1,01/06/2021,01/06/2021,0
163138,1,01/04/2021,01/04/2021,0
163140,1,01/11/2020,01/11/2020,0
163141,1,01/07/2021,01/07/2021,0
163142,1,01/01/2021,01/01/2021,0
163143,1,01/04/2021,01/04/2021,0
163144,1,01/01/2021,01/01/2021,0
163145,1,01/01/2021,01/01/2021,0
163146,1,01/01/2021,01/01/2021,0
163147,1,01/09/2021,01/09/2021,0
163150,1,01/01/2021,01/01/2021,0
163151,1,01/10/2021,01/10/2021,0
163152,1,01/10/2021,01/10/2021,0
163153,1,01/10/2021,01/10/2021,0
163154,1,01/07/2021,01/07/2021,0
163155,1,01/07/2021,01/07/2021,0
163156,1,01/07/2021,01/07/2021,0
163158,1,01/07/2021,01/07/2021,0
163159,1,01/04/2022,01/04/2022,0
163160,1,01/01/2021,01/01/2021,0
163161,1,01/01/2021,01/01/2021,0
163162,1,01/09/2021,01/09/2021,0
163163,1,01/09/2021,01/09/2021,0
163164,1,01/01/2021,01/01/2021,0
163165,1,01/01/2021,01/01/2021,0
163166,1,01/03/2021,01/03/2021,0
163174,1,01/04/2021,01/04/2021,0
163175,1,01/02/2021,01/02/2021,0
163177,1,01/12/2020,01/12/2020,0
163178,1,01/09/2021,01/09/2021,0
163179,1,01/09/2021,01/09/2021,0
163180,1,01/05/2021,01/05/2021,0
163181,1,01/02/2021,01/02/2021,0
163182,1,01/02/2021,01/02/2021,0
163183,1,01/04/2021,01/04/2021,0
163184,1,01/03/2021,01/03/2021,0
163185,1,01/03/2021,01/03/2021,0
163187,1,01/03/2021,01/03/2021,0
163188,1,01/03/2021,01/03/2021,0
163191,1,01/04/2021,01/04/2021,0
163203,1,01/09/2021,01/09/2021,0
163206,1,01/04/2022,01/04/2022,0
163209,1,01/07/2021,01/07/2021,0
163210,1,01/04/2021,01/04/2021,0
163212,1,01/03/2022,01/03/2022,0
163214,1,01/09/2021,01/09/2021,0
163216,1,01/04/2022,01/04/2022,0
163217,1,01/04/2022,01/04/2022,0
163218,1,01/04/2022,01/04/2022,0
163220,1,01/03/2022,01/03/2022,0
163221,1,01/04/2021,01/04/2021,0
163224,1,01/09/2021,01/09/2021,0
163226,1,01/03/2021,01/03/2021,0
163227,1,01/04/2022,01/04/2022,0
163232,1,01/03/2022,01/03/2022,0
163238,1,01/05/2021,01/05/2021,0
163239,1,01/04/2021,01/04/2021,0
163240,1,01/04/2021,01/04/2021,0
163242,1,01/02/2021,01/02/2021,0
163243,1,01/03/2021,01/03/2021,0
163244,1,01/03/2021,01/03/2021,0
163245,1,01/03/2021,01/03/2021,0
163246,1,01/03/2021,01/03/2021,0
163264,1,01/04/2021,01/04/2021,0
163265,1,01/04/2021,01/04/2021,0
163270,1,01/04/2021,01/04/2021,0
163272,1,01/04/2021,01/04/2021,0
163274,1,01/04/2021,01/04/2021,0
163276,1,01/04/2021,01/04/2021,0
163277,1,01/04/2021,01/04/2021,0
163279,1,01/04/2021,01/04/2021,0
163280,1,01/04/2021,01/04/2021,0
163282,1,01/04/2021,01/04/2021,0
163283,1,01/05/2021,01/05/2021,0
163284,1,01/09/2021,01/09/2021,0
163285,1,01/04/2021,01/04/2021,0
163286,1,01/04/2021,01/04/2021,0
163288,1,01/04/2021,01/04/2021,0
163289,1,01/09/2021,01/09/2021,0
163290,1,01/04/2021,01/04/2021,0
163291,1,01/09/2021,01/09/2021,0
163292,1,01/09/2021,01/09/2021,0
163294,1,01/04/2021,01/04/2021,0
163296,1,01/04/2021,01/04/2021,0
163297,1,01/09/2021,01/09/2021,0
163299,1,01/09/2021,01/09/2021,0
163300,1,01/09/2021,01/09/2021,0
163301,1,01/09/2021,01/09/2021,0
163302,1,01/09/2021,01/09/2021,0
163304,1,01/04/2021,01/04/2021,0
163305,1,01/09/2021,01/09/2021,0
163307,1,01/04/2021,01/04/2021,0
163308,1,01/04/2021,01/04/2021,0
163309,1,01/04/2021,01/04/2021,0
163310,1,01/04/2021,01/04/2021,0
163311,1,01/09/2021,01/09/2021,0
163313,1,01/09/2021,01/09/2021,0
163314,1,01/04/2021,01/04/2021,0
163315,1,01/04/2021,01/04/2021,0
163316,1,01/04/2021,01/04/2021,0
163317,1,01/04/2021,01/04/2021,0
163320,1,01/04/2021,01/04/2021,0
163321,1,01/05/2021,01/05/2021,0
163322,1,01/04/2021,01/04/2021,0
163323,1,01/09/2021,01/09/2021,0
163324,1,01/04/2021,01/04/2021,0
163336,1,01/09/2021,01/09/2021,0
163337,1,01/04/2021,01/04/2021,0
163339,1,01/04/2021,01/04/2021,0
163340,1,01/09/2021,01/09/2021,0
163341,1,01/07/2021,01/07/2021,0
163342,1,01/05/2021,01/05/2021,0
163343,1,01/08/2021,01/08/2021,0
163344,1,01/09/2021,01/09/2021,0
163345,1,01/05/2021,01/05/2021,0
163347,1,01/04/2021,01/04/2021,0
163349,1,01/09/2021,01/09/2021,0
163350,1,01/09/2021,01/09/2021,0
163351,1,01/09/2021,01/09/2021,0
163353,1,01/09/2021,01/09/2021,0
163355,1,01/05/2021,01/05/2021,0
163357,1,01/06/2021,01/06/2021,0
163363,1,01/09/2021,01/09/2021,0
163369,1,01/02/2022,01/02/2022,0
163370,1,01/09/2021,01/09/2021,0
163371,1,01/06/2021,01/06/2021,0
163372,1,01/06/2021,01/06/2021,0
163386,1,01/09/2021,01/09/2021,0
163387,1,01/09/2021,01/09/2021,0
163389,1,01/09/2021,01/09/2021,0
163390,1,01/09/2021,01/09/2021,0
163391,1,01/07/2021,01/07/2021,0
163393,1,01/09/2021,01/09/2021,0
163398,1,01/09/2021,01/09/2021,0
163400,1,01/09/2021,01/09/2021,0
163401,1,01/09/2021,01/09/2021,0
163402,1,01/09/2021,01/09/2021,0
163404,1,01/09/2021,01/09/2021,0
163405,1,01/09/2021,01/09/2021,0
163406,1,01/09/2021,01/09/2021,0
163407,1,01/09/2021,01/09/2021,0
163408,1,01/09/2021,01/09/2021,0
163409,1,01/09/2021,01/09/2021,0
163410,1,01/09/2021,01/09/2021,0
163411,1,01/09/2021,01/09/2021,0
163412,1,01/09/2021,01/09/2021,0
163413,1,01/09/2021,01/09/2021,0
163414,1,01/09/2021,01/09/2021,0
163415,1,01/09/2021,01/09/2021,0
163416,1,01/09/2021,01/09/2021,0
163417,1,01/09/2021,01/09/2021,0
163418,1,01/09/2021,01/09/2021,0
163419,1,01/09/2021,01/09/2021,0
163420,1,01/09/2021,01/09/2021,0
163421,1,01/09/2021,01/09/2021,0
163422,1,01/09/2021,01/09/2021,0
163424,1,01/09/2021,01/09/2021,0
163425,1,01/09/2021,01/09/2021,0
163426,1,01/09/2021,01/09/2021,0
163427,1,01/09/2021,01/09/2021,0
163428,1,01/09/2021,01/09/2021,0
163429,1,01/09/2021,01/09/2021,0
163430,1,01/09/2021,01/09/2021,0
163431,1,01/09/2021,01/09/2021,0
163432,1,01/09/2021,01/09/2021,0
163433,1,01/09/2021,01/09/2021,0
163434,1,01/09/2021,01/09/2021,0
163435,1,01/09/2021,01/09/2021,0
163438,1,01/09/2021,01/09/2021,0
163439,1,01/09/2021,01/09/2021,0
163440,1,01/09/2021,01/09/2021,0
163441,1,01/09/2021,01/09/2021,0
163442,1,01/09/2021,01/09/2021,0
163443,1,01/09/2021,01/09/2021,0
163444,1,01/09/2021,01/09/2021,0
163445,1,01/09/2021,01/09/2021,0
163447,1,01/09/2021,01/09/2021,0
163448,1,01/09/2021,01/09/2021,0
163449,1,01/09/2021,01/09/2021,0
163450,1,01/09/2021,01/09/2021,0
163451,1,01/09/2021,01/09/2021,0
163454,1,01/08/2021,01/08/2021,0
163455,1,01/09/2021,01/09/2021,0
163456,1,01/08/2021,01/08/2021,0
163457,1,01/09/2021,01/09/2021,0
163458,1,01/09/2021,01/09/2021,0
163459,1,01/08/2021,01/08/2021,0
163460,1,01/09/2021,01/09/2021,0
163461,1,01/10/2021,01/10/2021,0
163462,1,01/12/2021,01/12/2021,0
163464,1,01/09/2021,01/09/2021,0
163465,1,01/08/2021,01/08/2021,0
163466,1,01/08/2021,01/08/2021,0
163476,1,01/03/2022,01/03/2022,0
163478,1,01/09/2021,01/09/2021,0
163479,1,01/09/2021,01/09/2021,0
163480,1,01/12/2021,01/12/2021,0
163481,1,01/01/2022,01/01/2022,0
163482,1,01/09/2021,01/09/2021,0
163484,1,01/01/2022,01/01/2022,0
163485,1,01/09/2021,01/09/2021,0
163486,1,01/09/2021,01/09/2021,0
163491,1,01/12/2021,01/12/2021,0
163493,1,01/09/2021,01/09/2021,0
163494,1,01/09/2021,01/09/2021,0
163495,1,01/09/2021,01/09/2021,0
163499,1,01/09/2021,01/09/2021,0
163501,1,01/09/2021,01/09/2021,0
163502,1,01/09/2021,01/09/2021,0
163503,3,01/02/2022,01/02/2022,0
163504,1,01/12/2021,01/12/2021,0
163505,1,01/09/2021,01/09/2021,0
163509,1,01/09/2021,01/09/2021,0
163511,1,01/09/2021,01/09/2021,0
163526,1,01/10/2021,01/10/2021,0
163527,1,01/10/2021,01/10/2021,0
163528,1,01/10/2021,01/10/2021,0
163529,1,01/11/2021,01/11/2021,0
163532,1,01/10/2021,01/10/2021,0
163533,1,01/10/2021,01/10/2021,0
163535,1,01/10/2021,01/10/2021,0
163552,1,01/03/2022,01/03/2022,0
163554,1,01/10/2021,01/10/2021,0
163555,1,01/10/2021,01/10/2021,0
163556,1,01/10/2021,01/10/2021,0
163558,1,01/10/2021,01/10/2021,0
163560,1,01/10/2021,01/10/2021,0
163561,1,01/10/2021,01/10/2021,0
163563,1,01/01/2022,01/01/2022,0
163583,1,01/01/2022,01/01/2022,0
163587,1,01/01/2022,01/01/2022,0
163588,1,01/11/2021,01/11/2021,0
163589,1,01/04/2022,01/04/2022,0
163591,1,01/01/2022,01/01/2022,0
163592,1,01/11/2021,01/11/2021,0
163593,1,01/02/2022,01/02/2022,0
163595,1,01/12/2021,01/12/2021,0
163596,1,01/12/2021,01/12/2021,0
163597,1,01/11/2021,01/11/2021,0
163598,1,01/11/2021,01/11/2021,0
163603,1,01/11/2021,01/11/2021,0
163604,1,01/02/2022,01/02/2022,0
163605,1,01/11/2021,01/11/2021,0
163606,1,01/11/2021,01/11/2021,0
163607,1,01/02/2022,01/02/2022,0
163608,1,01/04/2022,01/04/2022,0
163624,1,01/02/2022,01/02/2022,0
163625,1,01/03/2022,01/03/2022,0
163629,1,01/02/2022,01/02/2022,0
163634,1,01/01/2022,01/01/2022,0
163635,1,01/04/2022,01/04/2022,0
163637,1,01/04/2022,01/04/2022,0
163638,1,01/01/2022,01/01/2022,0
163639,1,01/04/2022,01/04/2022,0
163640,1,01/01/2022,01/01/2022,0
163641,1,01/03/2022,01/03/2022,0
163643,1,01/01/2022,01/01/2022,0
163644,1,01/04/2022,01/04/2022,0
163647,1,01/03/2022,01/03/2022,0
163648,1,01/04/2022,01/04/2022,0
163651,1,01/01/2022,01/01/2022,0
163653,1,01/03/2022,01/03/2022,0
163654,1,01/01/2022,01/01/2022,0
163655,1,01/02/2022,01/02/2022,0
163656,1,01/04/2022,01/04/2022,0
163658,1,01/02/2022,01/02/2022,0
163660,1,01/04/2022,01/04/2022,0
163661,1,01/04/2022,01/04/2022,0
163662,1,01/02/2022,01/02/2022,0
163675,1,01/04/2022,01/04/2022,0
163678,1,01/04/2022,01/04/2022,0
163680,1,01/03/2022,01/03/2022,0
163681,1,01/03/2022,01/03/2022,0
163684,1,01/03/2022,01/03/2022,0
163685,1,01/03/2022,01/03/2022,0
163686,1,01/03/2022,01/03/2022,0
163687,1,01/03/2022,01/03/2022,0
163688,1,01/03/2022,01/03/2022,0
163701,1,01/03/2022,01/03/2022,0
163702,1,01/02/2022,01/02/2022,0
163703,1,01/02/2022,01/02/2022,0
163704,1,01/04/2022,01/04/2022,0
163708,1,01/04/2022,01/04/2022,0
163709,1,01/04/2022,01/04/2022,0
163713,1,01/04/2022,01/04/2022,0
163714,1,01/03/2022,01/03/2022,0
163719,1,01/02/2022,01/02/2022,0
163721,1,01/02/2022,01/02/2022,0
163726,1,01/02/2022,01/02/2022,0
163729,1,01/02/2022,01/02/2022,0
163731,1,01/04/2022,01/04/2022,0
163737,1,01/03/2022,01/03/2022,0
163738,1,01/03/2022,01/03/2022,0
163739,1,01/04/2022,01/04/2022,0
163746,1,01/04/2022,01/04/2022,0
163756,1,01/04/2022,01/04/2022,0
163758,1,01/04/2022,01/04/2022,0
163760,1,01/04/2022,01/04/2022,0
163764,1,01/04/2022,01/04/2022,0
163768,1,01/04/2022,01/04/2022,0
163769,1,01/04/2022,01/04/2022,0
163771,1,01/04/2022,01/04/2022,0
163773,1,01/04/2022,01/04/2022,0
163775,1,01/04/2022,01/04/2022,0
163777,1,01/04/2022,01/04/2022,0
163784,1,01/04/2022,01/04/2022,0
163785,1,01/04/2022,01/04/2022,0
163786,1,01/04/2022,01/04/2022,0
163794,1,01/04/2022,01/04/2022,0
163800,1,01/04/2022,01/04/2022,0
163842,1,01/04/2022,01/04/2022,0
163399,1,01/09/2021,23/08/2021,-1
163403,1,01/09/2021,31/08/2021,-1
163452,1,01/09/2021,31/08/2021,-1
163496,1,01/04/2022,01/02/2022,-2
114146,1,01/09/2019,,
114262,1,01/02/2020,,
114350,1,01/02/2020,,
114564,1,01/02/2020,,
119932,1,01/09/2021,,
120761,2,01/06/2019,,
122257,1,01/12/2020,,
123521,1,01/09/2019,,
124016,1,01/02/2020,,
124553,1,01/04/2019,,
127399,1,01/09/2019,,
132945,1,01/11/2020,,
134010,2,01/09/2020,,
138836,2,01/06/2019,,
138950,2,01/09/2019,,
139229,2,01/06/2019,,
139247,1,01/04/2019,,
139322,1,01/09/2021,,
139353,1,01/04/2019,,
139447,1,01/08/2019,,
140533,2,01/09/2019,,
140536,1,01/07/2019,,
140793,1,01/08/2019,,
140820,1,01/09/2019,,
141074,2,01/06/2019,,
141112,1,01/09/2020,,
141526,3,01/06/2019,,
141540,1,01/09/2019,,
141567,2,01/07/2019,,
141635,5,01/06/2019,,
141648,1,01/09/2019,,
151696,3,01/06/2019,,
151775,1,01/06/2019,,
151778,1,01/06/2019,,
151779,1,01/06/2019,,
151829,1,01/09/2019,,
151833,3,01/09/2019,,
151921,1,01/06/2019,,
152141,1,01/09/2019,,
162161,1,01/09/2019,,
162182,1,01/09/2019,,
162205,1,01/09/2019,,
162234,1,01/09/2019,,
162235,1,01/09/2019,,
162237,1,01/09/2019,,
162250,1,01/09/2019,,
162843,2,01/01/2021,,
162943,1,01/09/2020,,
162957,1,01/09/2020,,
163213,1,01/09/2021,,
163298,2,01/06/2021,,
163436,1,01/09/2021,,
163483,1,01/09/2021,,
503825,1,01/12/2019,,
509894,1,01/12/2019,,
509901,1,01/12/2019,,
513839,1,01/04/2020,,
514109,1,01/02/2020,,
589216,1,01/02/2020,,
